UserID,UserName,Age,Gender,Location,LastLogin,PurchaseAmount,PurchaseCategory,ReviewScore,LoginFrequency
1,User_1,62,Female,Location_1,2023-06-10,-0.7692477672765956,Clothing,0.009421265141318986,Monthly
2,User_2,65,Female,Location_2,2023-08-14,-0.08872423348214893,Electronics,0.34589502018842533,Weekly
3,User_3,18,Male,Location_3,2023-02-17,0.6993533070901558,Home & Garden,0.009421265141318986,Weekly
4,User_4,21,Female,Location_4,2023-03-14,-0.04961368556292786,Books,-0.32705248990578734,Weekly
5,User_5,21,Male,Location_5,2023-07-26,0.4725121291586735,Home & Garden,-0.6635262449528937,Monthly
6,User_6,57,Female,Location_6,2023-02-20,0.23002673205950283,Books,-0.32705248990578734,Monthly
7,User_7,27,Female,Location_7,2023-01-27,-0.7790254042564009,Home & Garden,-0.6635262449528937,Weekly
8,User_8,37,Female,Location_8,2023-03-11,-0.7868475138402451,Home & Garden,-0.6635262449528937,Daily
9,User_9,39,Female,Location_9,2023-01-06,-0.1708563841125132,Food,-0.32705248990578734,Weekly
10,User_10,68,Female,Location_10,2023-10-04,0.4979339853061672,Home & Garden,-0.32705248990578734,Monthly
11,User_11,54,Male,Location_11,2023-03-22,0.851884443975118,Books,0.34589502018842533,Daily
12,User_12,41,Male,Location_12,2023-03-23,0.5018450400980893,Food,-0.32705248990578734,Daily
13,User_13,24,Female,Location_13,2023-11-10,-0.21192245942769533,Home & Garden,0.6823687752355316,Daily
14,User_14,42,Female,Location_14,2023-03-09,0.7521525467811042,Food,0.009421265141318986,Weekly
15,User_15,42,Male,Location_15,2023-08-16,0.6230877386476746,Home & Garden,0.34589502018842533,Daily
16,User_16,30,Male,Location_16,2023-06-03,-0.39574203464803437,Clothing,-0.6635262449528937,Daily
17,User_17,19,Female,Location_17,2023-04-03,0.6797980331305452,Food,0.6823687752355316,Monthly
18,User_18,56,Female,Location_18,2023-08-26,0.8694841905387675,Books,-0.32705248990578734,Weekly
19,User_19,57,Female,Location_19,2023-07-18,-0.19823376765596795,Clothing,-0.32705248990578734,Daily
20,User_20,41,Female,Location_20,2023-11-24,-0.855290972698882,Home & Garden,0.6823687752355316,Daily
21,User_21,64,Male,Location_21,2023-06-22,0.5722440263526872,Home & Garden,0.009421265141318986,Monthly
22,User_22,42,Male,Location_22,2023-11-14,-0.7164485275856473,Clothing,0.6823687752355316,Monthly
23,User_23,35,Male,Location_23,2023-06-01,-0.1239237266094479,Electronics,-0.6635262449528937,Daily
24,User_24,55,Male,Location_24,2023-11-17,0.6817535605265063,Clothing,0.6823687752355316,Daily
25,User_25,43,Male,Location_25,2023-09-01,0.8851284097064559,Books,0.34589502018842533,Daily
26,User_26,31,Male,Location_26,2023-07-08,-0.33316515797728063,Home & Garden,0.6823687752355316,Daily
27,User_27,26,Female,Location_27,2023-12-10,-0.3683646511045796,Food,0.6823687752355316,Weekly
28,User_28,27,Female,Location_28,2023-05-15,0.3845133963404261,Electronics,-0.6635262449528937,Daily
29,User_29,38,Male,Location_29,2023-01-18,0.9203279028337549,Food,-0.6635262449528937,Weekly
30,User_30,69,Male,Location_30,2023-02-14,-0.454407856526866,Clothing,0.009421265141318986,Weekly
31,User_31,34,Male,Location_31,2023-01-25,0.9125057932499107,Home & Garden,-0.6635262449528937,Daily
32,User_32,69,Male,Location_32,2023-02-13,-0.526762370177425,Books,-0.6635262449528937,Daily
33,User_33,23,Female,Location_33,2023-11-30,0.5565998071849988,Clothing,-0.6635262449528937,Monthly
34,User_34,33,Female,Location_34,2023-02-09,-0.6968932536260367,Clothing,0.6823687752355316,Weekly
35,User_35,65,Male,Location_35,2023-09-21,-0.6480050687270104,Food,0.6823687752355316,Weekly
36,User_36,18,Male,Location_36,2023-08-03,-0.3937865072520733,Food,-0.6635262449528937,Daily
37,User_37,36,Female,Location_37,2023-09-01,-0.5384955345531913,Home & Garden,-0.32705248990578734,Daily
38,User_38,53,Male,Location_38,2023-10-11,0.417757362071764,Food,-0.6635262449528937,Daily
39,User_39,42,Female,Location_39,2023-09-21,0.6915311975063115,Electronics,-0.6635262449528937,Daily
40,User_40,67,Female,Location_40,2023-10-04,0.6582872317749736,Home & Garden,0.009421265141318986,Monthly
41,User_41,69,Male,Location_41,2023-05-08,-0.5776060824724124,Books,-0.6635262449528937,Daily
42,User_42,47,Male,Location_42,2023-10-14,0.11073956090587855,Electronics,-0.6635262449528937,Monthly
43,User_43,37,Female,Location_43,2023-09-10,0.126383780073567,Clothing,0.009421265141318986,Daily
44,User_44,37,Female,Location_44,2023-07-30,0.36886917717273765,Food,-0.6635262449528937,Daily
45,User_45,32,Male,Location_45,2023-01-25,-0.8963570480140641,Books,-0.6635262449528937,Weekly
46,User_46,57,Female,Location_46,2023-12-31,0.14789458142913858,Home & Garden,0.34589502018842533,Daily
47,User_47,50,Male,Location_47,2023-04-11,0.924238957625677,Food,0.009421265141318986,Weekly
48,User_48,19,Male,Location_48,2023-09-08,-0.2823214456822933,Electronics,0.009421265141318986,Weekly
49,User_49,27,Female,Location_49,2023-01-29,-0.4680965482985934,Clothing,0.34589502018842533,Daily
50,User_50,50,Female,Location_50,2023-10-29,-0.7438259111291019,Clothing,0.009421265141318986,Monthly
51,User_51,49,Male,Location_51,2023-04-29,-0.6382274317472051,Food,-0.32705248990578734,Weekly
52,User_52,28,Male,Location_52,2023-02-12,-0.6440940139350882,Home & Garden,0.6823687752355316,Daily
53,User_53,70,Female,Location_53,2023-06-26,0.5390000606213493,Home & Garden,0.6823687752355316,Monthly
54,User_54,41,Male,Location_54,2023-11-08,0.02665188287955324,Food,0.009421265141318986,Weekly
55,User_55,53,Male,Location_55,2023-03-15,-0.21192245942769533,Food,0.6823687752355316,Weekly
56,User_56,29,Male,Location_56,2023-08-28,-0.7399148563371798,Food,-0.6635262449528937,Weekly
57,User_57,68,Female,Location_57,2023-12-13,0.4979339853061672,Books,-0.6635262449528937,Weekly
58,User_58,46,Female,Location_58,2023-06-18,0.01100766371186481,Food,-0.32705248990578734,Monthly
59,User_59,52,Female,Location_59,2023-06-03,-0.9139567945777136,Books,0.34589502018842533,Monthly
60,User_60,18,Male,Location_60,2023-08-29,-0.04570263077100575,Electronics,0.6823687752355316,Daily
61,User_61,18,Female,Location_61,2023-06-25,0.022740828087631133,Food,-0.32705248990578734,Weekly
62,User_62,54,Female,Location_62,2023-06-19,-0.40551967162783964,Food,0.6823687752355316,Weekly
63,User_63,23,Male,Location_63,2023-07-16,-0.5776060824724124,Home & Garden,-0.6635262449528937,Weekly
64,User_64,56,Male,Location_64,2023-06-07,0.9281500124175991,Food,-0.32705248990578734,Weekly
65,User_65,58,Female,Location_65,2023-08-10,0.7052198892780389,Books,-0.32705248990578734,Weekly
66,User_66,70,Female,Location_66,2023-06-30,-0.1317458361932921,Books,0.34589502018842533,Weekly
67,User_67,35,Female,Location_67,2023-08-21,-0.7047153632098809,Food,-0.6635262449528937,Monthly
68,User_68,33,Female,Location_68,2023-09-27,0.6895756701103505,Books,-0.32705248990578734,Weekly
69,User_69,22,Male,Location_69,2023-03-29,-0.890490465826181,Food,-0.6635262449528937,Monthly
70,User_70,59,Female,Location_70,2023-08-23,0.6915311975063115,Electronics,-0.6635262449528937,Daily
71,User_71,60,Female,Location_71,2023-02-17,0.5937548277082588,Books,0.009421265141318986,Monthly
72,User_72,49,Male,Location_72,2023-01-18,0.7032643618820779,Books,0.009421265141318986,Daily
73,User_73,19,Male,Location_73,2023-07-16,0.48424529353443985,Books,0.34589502018842533,Daily
74,User_74,19,Female,Location_74,2023-02-05,0.4783787113465567,Books,-0.6635262449528937,Monthly
75,User_75,57,Female,Location_75,2023-09-21,-0.3038322470378649,Food,0.009421265141318986,Monthly
76,User_76,59,Female,Location_76,2023-10-01,-0.820091479571583,Food,0.6823687752355316,Weekly
77,User_77,53,Female,Location_77,2023-09-28,0.9398831767933653,Electronics,-0.6635262449528937,Weekly
78,User_78,56,Female,Location_78,2023-09-15,0.0325184650674364,Food,-0.32705248990578734,Daily
79,User_79,29,Male,Location_79,2023-10-02,0.16549432799278807,Books,-0.6635262449528937,Daily
80,User_80,64,Male,Location_80,2023-03-02,-0.1454345279650195,Electronics,-0.32705248990578734,Monthly
81,User_81,36,Female,Location_81,2023-10-22,0.022740828087631133,Clothing,0.34589502018842533,Daily
82,User_82,45,Male,Location_82,2023-01-08,-0.08676870608618788,Home & Garden,0.009421265141318986,Weekly
83,User_83,18,Female,Location_83,2023-11-04,-0.05352474035484996,Electronics,0.6823687752355316,Monthly
84,User_84,32,Male,Location_84,2023-12-27,-0.636271904351244,Home & Garden,0.009421265141318986,Weekly
85,User_85,53,Female,Location_85,2023-10-20,0.6758869783386231,Books,-0.32705248990578734,Monthly
86,User_86,30,Female,Location_86,2023-01-22,-0.1962782402600069,Clothing,0.34589502018842533,Daily
87,User_87,60,Male,Location_87,2023-08-14,-0.44267469215109967,Home & Garden,-0.32705248990578734,Daily
88,User_88,38,Female,Location_88,2023-05-14,-0.4837407674662818,Electronics,0.34589502018842533,Weekly
89,User_89,29,Female,Location_89,2023-05-21,-0.6929821988341146,Food,0.34589502018842533,Daily
90,User_90,22,Female,Location_90,2023-02-20,0.6485095947951683,Home & Garden,0.6823687752355316,Monthly
91,User_91,24,Female,Location_91,2023-06-09,-0.17672296630039636,Food,0.6823687752355316,Weekly
92,User_92,22,Female,Location_92,2023-12-17,0.46664554697079036,Home & Garden,0.009421265141318986,Weekly
93,User_93,65,Female,Location_93,2023-12-28,0.8401512795993517,Books,0.6823687752355316,Daily
94,User_94,70,Male,Location_94,2023-07-05,-0.4622299661107102,Food,-0.32705248990578734,Daily
95,User_95,21,Male,Location_95,2023-10-27,0.47642318395059563,Clothing,-0.32705248990578734,Monthly
96,User_96,30,Female,Location_96,2023-02-08,-0.9550228698928958,Electronics,0.34589502018842533,Daily
97,User_97,54,Female,Location_97,2023-02-07,-0.12587925400540895,Clothing,0.009421265141318986,Weekly
98,User_98,70,Male,Location_98,2023-04-15,-0.3429427949570859,Home & Garden,0.009421265141318986,Monthly
99,User_99,58,Male,Location_99,2023-11-23,0.9437942315852874,Home & Garden,0.009421265141318986,Weekly
100,User_100,32,Male,Location_0,2023-01-31,0.5409555880173104,Clothing,0.34589502018842533,Weekly
101,User_101,33,Male,Location_1,2023-01-31,-0.7438259111291019,Home & Garden,0.6823687752355316,Weekly
102,User_102,38,Female,Location_2,2023-03-10,-0.39574203464803437,Books,-0.6635262449528937,Daily
103,User_103,53,Female,Location_3,2023-08-04,0.2182935676837365,Electronics,-0.32705248990578734,Monthly
104,User_104,41,Male,Location_4,2023-05-29,-0.21974456901153955,Books,0.34589502018842533,Monthly
105,User_105,33,Male,Location_5,2023-02-17,-0.6519161235189325,Food,-0.32705248990578734,Daily
106,User_106,31,Male,Location_6,2023-03-22,-0.5032960414258923,Electronics,0.6823687752355316,Daily
107,User_107,39,Male,Location_7,2023-04-11,0.5507332249971156,Electronics,0.6823687752355316,Daily
108,User_108,66,Female,Location_8,2023-09-24,-0.9530673424969347,Home & Garden,0.34589502018842533,Daily
109,User_109,67,Male,Location_9,2023-12-06,-0.06330237733465524,Food,0.34589502018842533,Weekly
110,User_110,23,Male,Location_10,2023-01-07,-0.9804447260403895,Clothing,-0.6635262449528937,Weekly
111,User_111,59,Male,Location_11,2023-04-21,-0.4113862538157228,Food,0.009421265141318986,Daily
112,User_112,53,Female,Location_12,2023-06-05,0.2104714580998923,Clothing,-0.6635262449528937,Weekly
113,User_113,18,Female,Location_13,2023-10-21,-0.20214482244789006,Food,0.34589502018842533,Weekly
114,User_114,49,Female,Location_14,2023-04-21,0.5331334784334661,Food,-0.6635262449528937,Daily
115,User_115,23,Male,Location_15,2023-08-25,0.1928717115362428,Clothing,-0.32705248990578734,Weekly
116,User_116,48,Female,Location_16,2023-01-11,0.00123002673205954,Books,0.6823687752355316,Daily
117,User_117,18,Female,Location_17,2023-09-09,-0.9745781438525063,Home & Garden,0.6823687752355316,Monthly
118,User_118,67,Male,Location_18,2023-05-05,-0.346853849749008,Home & Garden,-0.6635262449528937,Monthly
119,User_119,68,Female,Location_19,2023-07-11,-0.782936459048323,Home & Garden,0.009421265141318986,Daily
120,User_120,54,Male,Location_20,2023-02-24,-0.02614735681139521,Clothing,0.34589502018842533,Weekly
121,User_121,52,Female,Location_21,2023-12-22,0.707175416674,Home & Garden,0.6823687752355316,Daily
122,User_122,66,Female,Location_22,2023-06-13,0.8245070604316632,Electronics,-0.6635262449528937,Monthly
123,User_123,47,Male,Location_23,2023-03-27,0.2437154238312302,Food,0.34589502018842533,Monthly
124,User_124,21,Male,Location_24,2023-01-15,0.1518056362210607,Clothing,0.6823687752355316,Daily
125,User_125,52,Female,Location_25,2023-11-19,0.5878882455203757,Clothing,-0.6635262449528937,Daily
126,User_126,60,Female,Location_26,2023-08-13,-0.1493455827569416,Electronics,0.34589502018842533,Daily
127,User_127,31,Male,Location_27,2023-11-07,0.5468221702051935,Food,0.009421265141318986,Weekly
128,User_128,66,Female,Location_28,2023-12-27,0.7697522933447537,Home & Garden,-0.6635262449528937,Daily
129,User_129,57,Male,Location_29,2023-11-20,-0.7594701302967903,Clothing,-0.6635262449528937,Daily
130,User_130,39,Male,Location_30,2023-09-20,-0.1962782402600069,Clothing,-0.6635262449528937,Weekly
131,User_131,27,Male,Location_31,2023-11-13,-0.272543808702488,Clothing,0.6823687752355316,Weekly
132,User_132,18,Female,Location_32,2023-01-09,0.3493139032131271,Clothing,0.009421265141318986,Monthly
133,User_133,28,Female,Location_33,2023-01-08,-0.016369719831589944,Clothing,0.009421265141318986,Monthly
134,User_134,68,Female,Location_34,2023-10-18,0.9164168480418328,Clothing,-0.6635262449528937,Daily
135,User_135,61,Female,Location_35,2023-08-02,0.5957103551042199,Electronics,-0.6635262449528937,Monthly
136,User_136,41,Female,Location_36,2023-01-29,0.10291745132203434,Clothing,0.009421265141318986,Monthly
137,User_137,20,Male,Location_37,2023-12-11,-0.34880937714496907,Books,0.34589502018842533,Weekly
138,User_138,52,Female,Location_38,2023-08-08,-0.42703047298341124,Food,-0.6635262449528937,Weekly
139,User_139,53,Male,Location_39,2023-10-30,0.889039464498378,Food,0.009421265141318986,Weekly
140,User_140,48,Male,Location_40,2023-01-21,0.30042571831410075,Home & Garden,0.6823687752355316,Monthly
141,User_141,21,Female,Location_41,2023-12-03,0.4940229305142451,Clothing,0.009421265141318986,Weekly
142,User_142,36,Male,Location_42,2023-03-14,0.8381957522033906,Clothing,0.34589502018842533,Monthly
143,User_143,64,Female,Location_43,2023-07-17,-0.03396946639523943,Electronics,-0.6635262449528937,Weekly
144,User_144,53,Male,Location_44,2023-01-04,0.4783787113465567,Books,0.009421265141318986,Monthly
145,User_145,38,Male,Location_45,2023-05-23,0.22220462247565861,Food,-0.32705248990578734,Weekly
146,User_146,35,Male,Location_46,2023-09-20,0.36886917717273765,Food,-0.6635262449528937,Monthly
147,User_147,68,Female,Location_47,2023-04-09,-0.8944015206181031,Home & Garden,-0.6635262449528937,Monthly
148,User_148,45,Female,Location_48,2023-02-23,-0.31556541141363115,Clothing,-0.32705248990578734,Weekly
149,User_149,32,Female,Location_49,2023-08-12,0.12247272528164488,Electronics,-0.6635262449528937,Weekly
150,User_150,59,Female,Location_50,2023-03-19,0.8205960056397411,Home & Garden,0.6823687752355316,Weekly
151,User_151,19,Male,Location_51,2023-06-22,0.417757362071764,Home & Garden,0.6823687752355316,Daily
152,User_152,54,Female,Location_52,2023-09-02,-0.6440940139350882,Home & Garden,0.34589502018842533,Daily
153,User_153,28,Female,Location_53,2023-02-14,-0.8220470069675441,Electronics,0.34589502018842533,Weekly
154,User_154,40,Male,Location_54,2023-11-26,0.2808704443544902,Electronics,0.009421265141318986,Weekly
155,User_155,61,Male,Location_55,2023-04-26,0.18309407455643753,Clothing,0.009421265141318986,Daily
156,User_156,58,Female,Location_56,2023-12-07,0.4099352524879198,Electronics,0.6823687752355316,Weekly
157,User_157,29,Male,Location_57,2023-10-21,-0.48178524007032075,Home & Garden,-0.6635262449528937,Weekly
158,User_158,20,Female,Location_58,2023-11-12,0.6543761769830515,Clothing,-0.32705248990578734,Daily
159,User_159,69,Male,Location_59,2023-12-20,0.20656040330797018,Home & Garden,0.6823687752355316,Monthly
160,User_160,34,Female,Location_60,2023-08-07,-0.2979656648499817,Home & Garden,0.34589502018842533,Daily
161,User_161,50,Male,Location_61,2023-06-20,-0.7731588220685177,Food,0.34589502018842533,Weekly
162,User_162,18,Female,Location_62,2023-12-25,0.4940229305142451,Electronics,0.34589502018842533,Weekly
163,User_163,56,Male,Location_63,2023-10-01,0.19873829372412596,Food,-0.32705248990578734,Monthly
164,User_164,37,Female,Location_64,2023-12-18,-0.6675603426866209,Food,0.34589502018842533,Weekly
165,User_165,64,Female,Location_65,2023-11-16,-0.020280774623512052,Home & Garden,0.34589502018842533,Weekly
166,User_166,60,Female,Location_66,2023-05-19,0.851884443975118,Electronics,0.009421265141318986,Daily
167,User_167,69,Female,Location_67,2023-11-27,-0.5697839728885682,Home & Garden,-0.6635262449528937,Daily
168,User_168,58,Female,Location_68,2023-06-06,-0.17281191150847425,Books,-0.6635262449528937,Weekly
169,User_169,31,Female,Location_69,2023-08-03,0.7971296768882085,Home & Garden,-0.32705248990578734,Weekly
170,User_170,48,Male,Location_70,2023-11-01,-0.2686327539105659,Home & Garden,0.34589502018842533,Weekly
171,User_171,42,Female,Location_71,2023-09-06,0.28869255393833443,Electronics,0.009421265141318986,Weekly
172,User_172,20,Male,Location_72,2023-07-04,-0.8748462466584925,Home & Garden,-0.6635262449528937,Monthly
173,User_173,21,Female,Location_73,2023-12-20,0.7873520399084032,Home & Garden,-0.32705248990578734,Daily
174,User_174,48,Male,Location_74,2023-12-25,-0.9315565411413631,Food,0.009421265141318986,Daily
175,User_175,52,Female,Location_75,2023-09-13,-0.6656048152906598,Home & Garden,0.34589502018842533,Weekly
176,User_176,61,Male,Location_76,2023-07-18,0.05402926642300799,Electronics,-0.32705248990578734,Weekly
177,User_177,31,Female,Location_77,2023-01-16,-0.008547610247745729,Food,0.009421265141318986,Weekly
178,User_178,66,Male,Location_78,2023-08-07,-0.13761241838117527,Clothing,-0.6635262449528937,Daily
179,User_179,58,Female,Location_79,2023-05-12,0.05207373902704694,Clothing,0.6823687752355316,Weekly
180,User_180,26,Male,Location_80,2023-10-28,0.11660614309376172,Home & Garden,-0.6635262449528937,Weekly
181,User_181,37,Male,Location_81,2023-10-11,-0.8592020274908041,Food,0.6823687752355316,Monthly
182,User_182,49,Male,Location_82,2023-10-04,0.6602427591709347,Books,-0.32705248990578734,Daily
183,User_183,26,Female,Location_83,2023-09-22,0.7052198892780389,Clothing,0.009421265141318986,Monthly
184,User_184,44,Male,Location_84,2023-07-01,0.9281500124175991,Food,0.009421265141318986,Weekly
185,User_185,20,Female,Location_85,2023-10-21,-0.8122693699877388,Clothing,0.009421265141318986,Monthly
186,User_186,70,Female,Location_86,2023-07-07,0.01100766371186481,Food,0.34589502018842533,Monthly
187,User_187,21,Female,Location_87,2023-11-28,-0.6577827057068156,Home & Garden,-0.6635262449528937,Daily
188,User_188,62,Female,Location_88,2023-12-21,-0.4622299661107102,Food,0.6823687752355316,Monthly
189,User_189,32,Male,Location_89,2023-09-15,0.8616620809549232,Food,0.34589502018842533,Weekly
190,User_190,50,Female,Location_90,2023-08-15,0.2945591361262176,Electronics,-0.32705248990578734,Weekly
191,User_191,22,Male,Location_91,2023-01-06,-0.8083583151958167,Home & Garden,-0.32705248990578734,Weekly
192,User_192,21,Female,Location_92,2023-07-08,-0.23538878817922798,Books,0.34589502018842533,Weekly
193,User_193,63,Male,Location_93,2023-05-23,-0.2510330073469164,Clothing,0.6823687752355316,Daily
194,User_194,29,Female,Location_94,2023-03-03,-0.18650060328020163,Food,-0.32705248990578734,Weekly
195,User_195,40,Female,Location_95,2023-10-19,-0.6206276851835556,Food,-0.6635262449528937,Daily
196,User_196,31,Male,Location_96,2023-08-15,0.1733164375766323,Home & Garden,-0.32705248990578734,Daily
197,User_197,63,Female,Location_97,2023-09-30,0.1087840335099175,Electronics,0.6823687752355316,Daily
198,User_198,29,Female,Location_98,2023-11-28,0.5859327181244146,Clothing,-0.6635262449528937,Weekly
199,User_199,34,Female,Location_99,2023-06-13,0.3923355059242703,Books,0.34589502018842533,Daily
200,User_200,42,Female,Location_0,2023-05-05,0.02860741027551429,Food,0.6823687752355316,Monthly
201,User_201,47,Female,Location_1,2023-03-12,0.6563317043790126,Electronics,-0.6635262449528937,Monthly
202,User_202,39,Female,Location_2,2023-12-22,0.2652262251868018,Clothing,-0.6635262449528937,Weekly
203,User_203,64,Female,Location_3,2023-04-18,-0.8318246439473493,Clothing,-0.6635262449528937,Monthly
204,User_204,43,Female,Location_4,2023-10-18,0.35126943060908816,Books,0.6823687752355316,Monthly
205,User_205,34,Male,Location_5,2023-11-11,-0.20605587723981217,Home & Garden,0.009421265141318986,Monthly
206,User_206,37,Female,Location_6,2023-10-02,0.5214003140576998,Clothing,-0.32705248990578734,Monthly
207,User_207,51,Male,Location_7,2023-08-23,0.4060241976959977,Clothing,0.009421265141318986,Daily
208,User_208,58,Female,Location_8,2023-04-04,-0.6871156166462314,Books,-0.32705248990578734,Monthly
209,User_209,50,Male,Location_9,2023-02-16,0.47642318395059563,Food,0.6823687752355316,Weekly
210,User_210,54,Male,Location_10,2023-02-15,-0.2901435552661375,Home & Garden,-0.32705248990578734,Weekly
211,User_211,24,Male,Location_11,2023-04-07,0.3669136497767766,Books,0.6823687752355316,Monthly
212,User_212,39,Female,Location_12,2023-03-13,0.24567095122719126,Food,-0.6635262449528937,Monthly
213,User_213,49,Female,Location_13,2023-04-16,0.6485095947951683,Books,0.34589502018842533,Monthly
214,User_214,31,Male,Location_14,2023-12-29,-0.20996693203173428,Books,0.009421265141318986,Monthly
215,User_215,25,Female,Location_15,2023-10-12,-0.5932503016401008,Books,0.009421265141318986,Monthly
216,User_216,42,Female,Location_16,2023-08-10,-0.7418703837331408,Electronics,0.6823687752355316,Daily
217,User_217,33,Male,Location_17,2023-02-08,-0.9491562877050126,Books,-0.32705248990578734,Weekly
218,User_218,59,Female,Location_18,2023-08-02,0.4099352524879198,Food,-0.32705248990578734,Weekly
219,User_219,36,Male,Location_19,2023-04-09,-0.17672296630039636,Food,0.34589502018842533,Daily
220,User_220,58,Male,Location_20,2023-08-04,-0.40551967162783964,Clothing,-0.6635262449528937,Daily
221,User_221,33,Female,Location_21,2023-11-02,-0.7712032946725567,Electronics,-0.32705248990578734,Daily
222,User_222,29,Male,Location_22,2023-05-27,-0.8161804247796609,Food,-0.32705248990578734,Weekly
223,User_223,56,Female,Location_23,2023-08-24,-0.1493455827569416,Electronics,-0.6635262449528937,Weekly
224,User_224,65,Female,Location_24,2023-10-21,0.4314460538434914,Clothing,0.34589502018842533,Monthly
225,User_225,47,Female,Location_25,2023-05-29,0.24567095122719126,Electronics,-0.32705248990578734,Daily
226,User_226,19,Female,Location_26,2023-03-13,-0.09263528827407104,Food,0.6823687752355316,Weekly
227,User_227,49,Male,Location_27,2023-11-10,0.8460178617872348,Home & Garden,-0.6635262449528937,Weekly
228,User_228,62,Female,Location_28,2023-05-21,0.3375807388373608,Electronics,-0.32705248990578734,Monthly
229,User_229,42,Female,Location_29,2023-01-22,-0.7594701302967903,Electronics,0.34589502018842533,Monthly
230,User_230,42,Female,Location_30,2023-02-16,0.41580183467580295,Home & Garden,0.009421265141318986,Weekly
231,User_231,21,Male,Location_31,2023-12-28,0.5194447866617388,Books,0.6823687752355316,Daily
232,User_232,36,Male,Location_32,2023-05-03,-0.2784103908903712,Home & Garden,0.6823687752355316,Monthly
233,User_233,65,Female,Location_33,2023-06-12,0.599621409896142,Books,0.6823687752355316,Weekly
234,User_234,21,Female,Location_34,2023-07-20,-0.9022236302019473,Home & Garden,0.6823687752355316,Monthly
235,User_235,60,Female,Location_35,2023-04-13,0.8245070604316632,Electronics,0.009421265141318986,Daily
236,User_236,30,Female,Location_36,2023-08-04,-0.7966251508200504,Books,0.009421265141318986,Weekly
237,User_237,56,Female,Location_37,2023-08-30,-0.6597382331027767,Books,0.009421265141318986,Daily
238,User_238,53,Male,Location_38,2023-03-09,-0.7888030412362061,Home & Garden,0.009421265141318986,Monthly
239,User_239,40,Female,Location_39,2023-06-28,0.13616141705337226,Electronics,0.34589502018842533,Daily
240,User_240,23,Male,Location_40,2023-05-23,0.19482723893220386,Electronics,-0.32705248990578734,Daily
241,User_241,41,Male,Location_41,2023-02-25,0.8245070604316632,Electronics,0.009421265141318986,Monthly
242,User_242,61,Female,Location_42,2023-10-11,0.380602341548504,Books,0.009421265141318986,Daily
243,User_243,50,Male,Location_43,2023-03-28,-0.7320927467533356,Books,0.34589502018842533,Weekly
244,User_244,29,Female,Location_44,2023-10-10,0.8851284097064559,Books,-0.6635262449528937,Monthly
245,User_245,58,Male,Location_45,2023-03-26,-0.419208363399567,Electronics,0.34589502018842533,Daily
246,User_246,38,Male,Location_46,2023-02-22,0.6152656290638304,Clothing,-0.6635262449528937,Daily
247,User_247,28,Female,Location_47,2023-06-18,-0.7340482741492966,Clothing,0.6823687752355316,Monthly
248,User_248,61,Male,Location_48,2023-01-21,-0.22365562380346166,Books,0.34589502018842533,Daily
249,User_249,55,Female,Location_49,2023-03-06,-0.35467595933285223,Books,0.6823687752355316,Weekly
250,User_250,46,Female,Location_50,2023-10-05,0.09313981434222907,Electronics,-0.6635262449528937,Monthly
251,User_251,65,Female,Location_51,2023-02-20,0.003185554128020594,Electronics,0.34589502018842533,Weekly
252,User_252,58,Female,Location_52,2023-07-31,0.34735837581716605,Clothing,-0.6635262449528937,Weekly
253,User_253,20,Female,Location_53,2023-09-03,-0.9569783972888568,Clothing,-0.6635262449528937,Weekly
254,User_254,45,Female,Location_54,2023-09-06,0.6856646153184284,Home & Garden,0.6823687752355316,Monthly
255,User_255,37,Male,Location_55,2023-09-02,-0.08285765129426577,Electronics,-0.6635262449528937,Monthly
256,User_256,43,Male,Location_56,2023-03-21,-0.3312096305813196,Food,-0.32705248990578734,Weekly
257,User_257,41,Female,Location_57,2023-08-12,0.2554485882069965,Home & Garden,0.009421265141318986,Monthly
258,User_258,69,Male,Location_58,2023-02-08,-0.2568995895347996,Electronics,0.34589502018842533,Weekly
259,User_259,64,Male,Location_59,2023-09-27,0.9496608137731706,Food,0.6823687752355316,Weekly
260,User_260,38,Female,Location_60,2023-06-26,0.8636176083508843,Food,0.009421265141318986,Daily
261,User_261,47,Male,Location_61,2023-12-31,-0.3683646511045796,Books,0.6823687752355316,Weekly
262,User_262,21,Female,Location_62,2023-09-05,-0.6890711440421925,Books,-0.32705248990578734,Monthly
263,User_263,53,Female,Location_63,2023-07-14,0.7325972728214937,Food,0.009421265141318986,Weekly
264,User_264,57,Male,Location_64,2023-12-17,0.044251629443202725,Food,0.34589502018842533,Weekly
265,User_265,27,Female,Location_65,2023-02-11,0.30433677310602286,Home & Garden,-0.6635262449528937,Daily
266,User_266,27,Female,Location_66,2023-06-13,-0.1532566375488637,Food,-0.6635262449528937,Weekly
267,User_267,59,Female,Location_67,2023-10-08,0.8323291700155074,Books,0.009421265141318986,Weekly
268,User_268,41,Female,Location_68,2023-07-18,0.23784884164334705,Books,0.6823687752355316,Daily
269,User_269,21,Male,Location_69,2023-09-17,0.3278031018575555,Books,0.34589502018842533,Daily
270,User_270,64,Female,Location_70,2023-09-29,-0.12196819921348685,Clothing,-0.6635262449528937,Monthly
271,User_271,44,Male,Location_71,2023-04-20,-0.10241292525387631,Home & Garden,0.009421265141318986,Weekly
272,User_272,68,Female,Location_72,2023-10-12,-0.4074751990238007,Home & Garden,0.009421265141318986,Weekly
273,User_273,62,Male,Location_73,2023-06-29,0.02078530069167008,Home & Garden,-0.32705248990578734,Daily
274,User_274,21,Male,Location_74,2023-12-20,0.5663774441648041,Clothing,0.34589502018842533,Monthly
275,User_275,49,Female,Location_75,2023-05-27,0.7971296768882085,Home & Garden,0.34589502018842533,Weekly
276,User_276,27,Male,Location_76,2023-03-08,-0.7144930001896862,Clothing,0.6823687752355316,Weekly
277,User_277,28,Female,Location_77,2023-03-29,-0.0652579047306163,Clothing,0.6823687752355316,Daily
278,User_278,45,Female,Location_78,2023-03-20,-0.8768017740544536,Food,0.009421265141318986,Daily
279,User_279,63,Male,Location_79,2023-11-28,-0.5697839728885682,Clothing,-0.32705248990578734,Daily
280,User_280,25,Male,Location_80,2023-03-09,-0.32338752099747536,Electronics,0.009421265141318986,Weekly
281,User_281,57,Male,Location_81,2023-02-11,0.5468221702051935,Electronics,0.6823687752355316,Weekly
282,User_282,39,Male,Location_82,2023-02-17,-0.21387798682365639,Home & Garden,-0.6635262449528937,Monthly
283,User_283,51,Female,Location_83,2023-03-15,-0.2177890416155785,Electronics,-0.32705248990578734,Daily
284,User_284,62,Male,Location_84,2023-01-27,-0.17672296630039636,Food,0.34589502018842533,Daily
285,User_285,52,Female,Location_85,2023-07-13,-0.6577827057068156,Electronics,-0.6635262449528937,Daily
286,User_286,52,Male,Location_86,2023-06-06,-0.16107874713270792,Clothing,-0.6635262449528937,Weekly
287,User_287,42,Male,Location_87,2023-05-06,0.09900639653011223,Electronics,0.34589502018842533,Monthly
288,User_288,51,Female,Location_88,2023-06-17,0.32193651966967235,Books,0.009421265141318986,Monthly
289,User_289,23,Male,Location_89,2023-04-14,-0.29601013745402066,Food,-0.32705248990578734,Daily
290,User_290,58,Female,Location_90,2023-12-04,0.9203279028337549,Home & Garden,-0.6635262449528937,Weekly
291,User_291,54,Male,Location_91,2023-10-16,-0.11805714442156474,Books,0.009421265141318986,Daily
292,User_292,18,Male,Location_92,2023-07-01,-0.39183097985611226,Food,0.34589502018842533,Daily
293,User_293,29,Female,Location_93,2023-02-13,0.6778425057345842,Food,0.009421265141318986,Monthly
294,User_294,52,Female,Location_94,2023-12-23,-0.36640912370861856,Food,-0.6635262449528937,Monthly
295,User_295,23,Female,Location_95,2023-09-13,-0.6851600892502704,Electronics,-0.32705248990578734,Weekly
296,User_296,34,Female,Location_96,2023-07-21,0.5174892592657777,Electronics,-0.32705248990578734,Daily
297,User_297,26,Female,Location_97,2023-03-23,-0.5072070962178145,Books,0.34589502018842533,Daily
298,User_298,19,Female,Location_98,2023-10-29,0.4783787113465567,Books,0.009421265141318986,Weekly
299,User_299,35,Female,Location_99,2023-08-13,0.9125057932499107,Clothing,0.6823687752355316,Daily
300,User_300,66,Male,Location_0,2023-05-11,-0.0730800143144605,Clothing,-0.32705248990578734,Weekly
301,User_301,53,Female,Location_1,2023-12-30,-0.5013405140299313,Clothing,0.6823687752355316,Weekly
302,User_302,45,Male,Location_2,2023-10-06,0.7658412385528316,Food,0.009421265141318986,Weekly
303,User_303,58,Male,Location_3,2023-05-24,0.05598479381896904,Home & Garden,0.009421265141318986,Monthly
304,User_304,70,Female,Location_4,2023-12-29,0.9164168480418328,Clothing,0.6823687752355316,Daily
305,User_305,54,Male,Location_5,2023-09-12,0.8010407316801306,Books,0.34589502018842533,Monthly
306,User_306,66,Male,Location_6,2023-01-30,-0.03005841160331732,Home & Garden,0.6823687752355316,Monthly
307,User_307,43,Female,Location_7,2023-05-03,0.7658412385528316,Clothing,-0.6635262449528937,Weekly
308,User_308,21,Male,Location_8,2023-10-11,0.6934867249022726,Electronics,0.6823687752355316,Weekly
309,User_309,57,Female,Location_9,2023-03-01,0.48815634832636196,Clothing,0.6823687752355316,Daily
310,User_310,53,Male,Location_10,2023-12-04,0.6465540673992073,Clothing,0.34589502018842533,Weekly
311,User_311,68,Male,Location_11,2023-03-16,-0.22365562380346166,Food,-0.6635262449528937,Daily
312,User_312,48,Female,Location_12,2023-02-26,0.9477052863772095,Food,0.009421265141318986,Daily
313,User_313,47,Male,Location_13,2023-03-25,0.8108183686599358,Clothing,-0.6635262449528937,Daily
314,User_314,67,Male,Location_14,2023-01-07,-0.6382274317472051,Food,0.6823687752355316,Daily
315,User_315,51,Female,Location_15,2023-11-20,-0.10827950744175947,Electronics,0.009421265141318986,Daily
316,User_316,36,Female,Location_16,2023-03-05,-0.2901435552661375,Home & Garden,0.34589502018842533,Weekly
317,User_317,35,Male,Location_17,2023-06-18,-0.9335120685373242,Home & Garden,0.009421265141318986,Monthly
318,User_318,47,Male,Location_18,2023-12-04,0.4314460538434914,Food,0.34589502018842533,Daily
319,User_319,38,Female,Location_19,2023-08-27,0.599621409896142,Clothing,0.6823687752355316,Monthly
320,User_320,20,Male,Location_20,2023-07-14,-0.7125374727937251,Electronics,-0.6635262449528937,Daily
321,User_321,23,Female,Location_21,2023-10-10,-0.3390317401651638,Electronics,-0.6635262449528937,Monthly
322,User_322,55,Female,Location_22,2023-10-31,-0.5912947742441398,Books,-0.6635262449528937,Monthly
323,User_323,30,Male,Location_23,2023-02-05,-0.04961368556292786,Food,-0.6635262449528937,Daily
324,User_324,62,Female,Location_24,2023-06-13,-0.3996530894399565,Books,-0.6635262449528937,Weekly
325,User_325,20,Female,Location_25,2023-08-17,0.5585553345809599,Food,-0.32705248990578734,Weekly
326,User_326,65,Male,Location_26,2023-05-27,0.4392681634273356,Books,0.6823687752355316,Weekly
327,User_327,45,Female,Location_27,2023-05-19,-0.34880937714496907,Clothing,-0.6635262449528937,Weekly
328,User_328,39,Male,Location_28,2023-02-04,0.924238957625677,Food,-0.6635262449528937,Monthly
329,User_329,57,Male,Location_29,2023-01-14,-0.7320927467533356,Home & Garden,0.34589502018842533,Daily
330,User_330,57,Male,Location_30,2023-07-19,0.25349306081103545,Food,0.6823687752355316,Daily
331,User_331,29,Female,Location_31,2023-12-01,0.6504651221911294,Home & Garden,0.34589502018842533,Weekly
332,User_332,40,Male,Location_32,2023-05-03,0.44122369082329665,Books,-0.6635262449528937,Daily
333,User_333,48,Male,Location_33,2023-01-19,-0.5208957879895418,Books,0.6823687752355316,Daily
334,User_334,35,Male,Location_34,2023-02-22,-0.9335120685373242,Clothing,0.6823687752355316,Daily
335,User_335,24,Male,Location_35,2023-12-11,0.18504960195239858,Home & Garden,0.6823687752355316,Monthly
336,User_336,25,Female,Location_36,2023-05-21,0.33953626623332184,Clothing,0.009421265141318986,Daily
337,User_337,36,Female,Location_37,2023-02-18,0.7599746563649484,Electronics,-0.32705248990578734,Daily
338,User_338,46,Male,Location_38,2023-03-10,-0.13956794577713633,Home & Garden,-0.32705248990578734,Weekly
339,User_339,61,Female,Location_39,2023-01-03,0.0833621773624238,Food,-0.6635262449528937,Monthly
340,User_340,37,Female,Location_40,2023-01-11,0.5878882455203757,Home & Garden,-0.32705248990578734,Monthly
341,User_341,67,Female,Location_41,2023-07-16,0.10291745132203434,Books,0.6823687752355316,Daily
342,User_342,59,Male,Location_42,2023-04-26,0.7013088344861168,Clothing,0.009421265141318986,Daily
343,User_343,47,Female,Location_43,2023-08-03,-0.9080902123898305,Electronics,-0.32705248990578734,Monthly
344,User_344,64,Female,Location_44,2023-04-23,-0.5345844797612692,Clothing,-0.32705248990578734,Daily
345,User_345,39,Female,Location_45,2023-05-14,0.6817535605265063,Electronics,0.009421265141318986,Daily
346,User_346,27,Female,Location_46,2023-02-27,-0.8728907192625315,Books,0.34589502018842533,Weekly
347,User_347,43,Female,Location_47,2023-03-28,0.7286862180295716,Clothing,-0.6635262449528937,Monthly
348,User_348,68,Male,Location_48,2023-09-01,0.08922875955030696,Food,0.6823687752355316,Weekly
349,User_349,50,Female,Location_49,2023-02-07,-0.2862325004742154,Food,0.009421265141318986,Weekly
350,User_350,45,Female,Location_50,2023-11-21,-0.8533354453029209,Clothing,0.34589502018842533,Weekly
351,User_351,27,Male,Location_51,2023-05-09,-0.2979656648499817,Clothing,-0.6635262449528937,Monthly
352,User_352,46,Male,Location_52,2023-02-19,0.310203355293906,Electronics,0.34589502018842533,Daily
353,User_353,61,Male,Location_53,2023-03-04,-0.5326289523653082,Clothing,-0.6635262449528937,Weekly
354,User_354,35,Male,Location_54,2023-08-11,-0.2862325004742154,Electronics,-0.32705248990578734,Daily
355,User_355,59,Female,Location_55,2023-11-26,0.6113545742719083,Clothing,0.009421265141318986,Weekly
356,User_356,18,Female,Location_56,2023-09-29,-0.28818802787017644,Clothing,-0.6635262449528937,Daily
357,User_357,40,Female,Location_57,2023-03-09,-0.8024917330079335,Home & Garden,0.009421265141318986,Weekly
358,User_358,34,Female,Location_58,2023-04-22,-0.8592020274908041,Electronics,0.009421265141318986,Daily
359,User_359,60,Female,Location_59,2024-01-01,-0.8592020274908041,Books,0.34589502018842533,Daily
360,User_360,54,Male,Location_60,2023-05-25,-0.008547610247745729,Food,0.6823687752355316,Weekly
361,User_361,48,Female,Location_61,2023-10-26,-0.48960734965416497,Electronics,0.34589502018842533,Daily
362,User_362,42,Male,Location_62,2023-03-20,0.1733164375766323,Clothing,0.34589502018842533,Weekly
363,User_363,70,Male,Location_63,2023-03-22,0.7286862180295716,Food,0.6823687752355316,Weekly
364,User_364,21,Male,Location_64,2023-12-16,-0.671471397478543,Clothing,0.6823687752355316,Monthly
365,User_365,69,Female,Location_65,2023-03-25,-0.3018767196419038,Books,0.34589502018842533,Weekly
366,User_366,26,Female,Location_66,2023-04-14,-0.8807128288463757,Electronics,0.009421265141318986,Daily
367,User_367,45,Male,Location_67,2023-05-13,0.02860741027551429,Electronics,-0.32705248990578734,Daily
368,User_368,47,Male,Location_68,2023-04-09,0.4040686703000366,Clothing,0.6823687752355316,Monthly
369,User_369,64,Male,Location_69,2023-01-29,0.7834409851164811,Clothing,-0.32705248990578734,Monthly
370,User_370,41,Male,Location_70,2023-02-24,0.47642318395059563,Electronics,0.009421265141318986,Weekly
371,User_371,50,Male,Location_71,2023-03-08,0.601576937292103,Clothing,0.6823687752355316,Daily
372,User_372,37,Male,Location_72,2023-02-12,-0.47396313048647654,Electronics,-0.6635262449528937,Monthly
373,User_373,26,Female,Location_73,2023-12-12,0.34735837581716605,Home & Garden,-0.6635262449528937,Daily
374,User_374,25,Male,Location_74,2023-09-04,-0.018325247227550998,Books,0.34589502018842533,Monthly
375,User_375,41,Male,Location_75,2023-04-06,-0.784891986444284,Electronics,-0.32705248990578734,Daily
376,User_376,31,Male,Location_76,2023-04-06,-0.17672296630039636,Books,-0.6635262449528937,Daily
377,User_377,35,Male,Location_77,2023-10-13,0.29651466352217865,Books,0.34589502018842533,Monthly
378,User_378,70,Male,Location_78,2023-05-16,-0.3937865072520733,Home & Garden,0.34589502018842533,Daily
379,User_379,18,Female,Location_79,2023-11-19,-0.4798297126743597,Electronics,0.34589502018842533,Weekly
380,User_380,29,Male,Location_80,2023-07-30,0.6661093413588178,Clothing,0.009421265141318986,Weekly
381,User_381,46,Female,Location_81,2023-01-08,0.452956855199063,Clothing,-0.32705248990578734,Daily
382,User_382,54,Male,Location_82,2023-05-31,0.673931450942662,Electronics,0.6823687752355316,Weekly
383,User_383,43,Male,Location_83,2023-12-09,-0.7301372193573745,Electronics,0.34589502018842533,Daily
384,User_384,50,Female,Location_84,2023-03-17,-0.4798297126743597,Books,0.6823687752355316,Weekly
385,User_385,60,Male,Location_85,2023-03-19,-0.7927140960281283,Books,-0.6635262449528937,Monthly
386,User_386,32,Female,Location_86,2023-02-14,0.7482414919891821,Food,0.009421265141318986,Daily
387,User_387,40,Female,Location_87,2023-03-29,0.5429111154132714,Books,0.6823687752355316,Daily
388,User_388,46,Female,Location_88,2023-03-30,-0.9237344315575189,Electronics,0.34589502018842533,Weekly
389,User_389,38,Female,Location_89,2023-10-25,-0.21974456901153955,Food,0.009421265141318986,Monthly
390,User_390,36,Female,Location_90,2023-03-06,-0.8455133357190767,Books,0.34589502018842533,Daily
391,User_391,22,Female,Location_91,2023-03-27,0.38255786894446503,Clothing,0.009421265141318986,Monthly
392,User_392,40,Male,Location_92,2023-01-24,-0.4211638907955281,Books,0.6823687752355316,Daily
393,User_393,53,Female,Location_93,2023-04-03,0.5565998071849988,Books,0.6823687752355316,Weekly
394,User_394,37,Male,Location_94,2023-08-18,0.22807120466354178,Books,-0.6635262449528937,Weekly
395,User_395,25,Male,Location_95,2023-04-15,-0.9491562877050126,Books,-0.32705248990578734,Monthly
396,User_396,26,Female,Location_96,2023-05-21,0.7541080741770653,Home & Garden,0.34589502018842533,Weekly
397,User_397,31,Female,Location_97,2023-01-24,-0.3214319936015143,Electronics,0.34589502018842533,Monthly
398,User_398,23,Female,Location_98,2023-04-26,-0.5834726646602956,Food,-0.6635262449528937,Weekly
399,User_399,18,Male,Location_99,2023-10-11,-0.96284497947674,Electronics,0.009421265141318986,Monthly
400,User_400,26,Female,Location_0,2023-04-10,0.7893075673043642,Books,0.009421265141318986,Weekly
401,User_401,33,Female,Location_1,2023-10-31,0.4470902730111798,Clothing,0.6823687752355316,Monthly
402,User_402,33,Male,Location_2,2023-12-03,-0.8318246439473493,Food,0.6823687752355316,Weekly
403,User_403,29,Female,Location_3,2023-08-15,0.3962465607161924,Electronics,0.34589502018842533,Monthly
404,User_404,22,Male,Location_4,2023-07-27,-0.528717897573386,Clothing,-0.32705248990578734,Daily
405,User_405,57,Female,Location_5,2023-02-08,0.8264625878276243,Books,0.34589502018842533,Monthly
406,User_406,46,Male,Location_6,2023-11-04,0.5018450400980893,Clothing,0.009421265141318986,Weekly
407,User_407,63,Female,Location_7,2023-11-20,0.671975923546701,Electronics,-0.32705248990578734,Weekly
408,User_408,44,Male,Location_8,2023-02-08,0.6915311975063115,Food,-0.32705248990578734,Daily
409,User_409,28,Female,Location_9,2023-08-01,0.8851284097064559,Electronics,-0.6635262449528937,Weekly
410,User_410,70,Female,Location_10,2023-02-25,0.25740411560295756,Clothing,0.6823687752355316,Daily
411,User_411,64,Male,Location_11,2023-09-05,-0.13565689098521422,Clothing,-0.32705248990578734,Monthly
412,User_412,67,Female,Location_12,2023-01-27,-0.17672296630039636,Electronics,0.34589502018842533,Weekly
413,User_413,45,Female,Location_13,2023-12-07,0.7306417454255326,Electronics,0.009421265141318986,Daily
414,User_414,69,Male,Location_14,2023-07-12,-0.6812490344583483,Electronics,0.6823687752355316,Daily
415,User_415,53,Male,Location_15,2023-08-23,0.9359721220014432,Clothing,0.34589502018842533,Weekly
416,User_416,59,Female,Location_16,2023-01-27,-0.7633811850887124,Home & Garden,0.009421265141318986,Daily
417,User_417,36,Male,Location_17,2023-04-27,0.16940538278471018,Electronics,0.34589502018842533,Daily
418,User_418,52,Female,Location_18,2023-11-25,0.06771795819473538,Books,0.34589502018842533,Monthly
419,User_419,69,Female,Location_19,2023-07-24,0.5311779510375051,Clothing,0.6823687752355316,Monthly
420,User_420,48,Male,Location_20,2023-01-02,-0.9139567945777136,Home & Garden,0.009421265141318986,Monthly
421,User_421,61,Male,Location_21,2023-05-29,-0.8318246439473493,Food,0.34589502018842533,Daily
422,User_422,36,Female,Location_22,2023-12-25,-0.6147611029956724,Home & Garden,-0.32705248990578734,Weekly
423,User_423,63,Male,Location_23,2023-07-20,0.10487297871799539,Food,0.6823687752355316,Monthly
424,User_424,41,Female,Location_24,2023-10-09,0.926194485021638,Home & Garden,-0.6635262449528937,Weekly
425,User_425,19,Male,Location_25,2023-01-12,0.636776430419402,Clothing,-0.32705248990578734,Monthly
426,User_426,24,Female,Location_26,2023-04-04,-0.43876363735917756,Books,0.009421265141318986,Daily
427,User_427,60,Female,Location_27,2023-07-12,-0.03396946639523943,Clothing,-0.32705248990578734,Monthly
428,User_428,66,Female,Location_28,2023-07-18,-0.008547610247745729,Home & Garden,0.34589502018842533,Weekly
429,User_429,48,Female,Location_29,2023-11-29,0.01687424589974797,Home & Garden,-0.6635262449528937,Daily
430,User_430,34,Female,Location_30,2023-01-13,-0.2686327539105659,Food,0.6823687752355316,Weekly
431,User_431,44,Female,Location_31,2023-02-14,0.044251629443202725,Electronics,-0.6635262449528937,Daily
432,User_432,53,Female,Location_32,2023-06-14,0.7404193824053379,Clothing,-0.32705248990578734,Weekly
433,User_433,67,Male,Location_33,2023-10-06,-0.7888030412362061,Food,-0.6635262449528937,Monthly
434,User_434,60,Male,Location_34,2023-02-11,0.2808704443544902,Home & Garden,0.009421265141318986,Daily
435,User_435,27,Male,Location_35,2023-03-27,0.5605108619769209,Home & Garden,0.34589502018842533,Weekly
436,User_436,62,Female,Location_36,2023-12-26,0.2632706977908407,Electronics,0.34589502018842533,Daily
437,User_437,31,Male,Location_37,2023-01-13,0.3317141566494776,Clothing,0.009421265141318986,Weekly
438,User_438,24,Male,Location_38,2023-04-21,0.7130419988618831,Home & Garden,0.34589502018842533,Weekly
439,User_439,56,Male,Location_39,2023-11-02,-0.43485258256725545,Books,0.6823687752355316,Daily
440,User_440,57,Male,Location_40,2023-05-30,0.0579403212149301,Electronics,0.34589502018842533,Monthly
441,User_441,26,Female,Location_41,2023-11-01,0.18700512934835964,Electronics,0.34589502018842533,Daily
442,User_442,31,Female,Location_42,2023-06-28,0.6133101016678694,Food,-0.32705248990578734,Monthly
443,User_443,25,Male,Location_43,2023-09-02,0.5331334784334661,Food,-0.6635262449528937,Weekly
444,User_444,34,Female,Location_44,2023-03-22,-0.8474688631150378,Food,0.34589502018842533,Daily
445,User_445,40,Female,Location_45,2023-05-07,-0.5873837194522177,Home & Garden,-0.32705248990578734,Daily
446,User_446,33,Female,Location_46,2023-12-04,0.06771795819473538,Electronics,0.009421265141318986,Monthly
447,User_447,43,Female,Location_47,2023-08-02,0.8636176083508843,Clothing,0.6823687752355316,Monthly
448,User_448,26,Female,Location_48,2023-08-05,0.8342846974114685,Books,0.009421265141318986,Daily
449,User_449,53,Male,Location_49,2023-04-14,0.9164168480418328,Home & Garden,0.6823687752355316,Daily
450,User_450,24,Female,Location_50,2023-10-09,0.4470902730111798,Home & Garden,-0.32705248990578734,Weekly
451,User_451,35,Male,Location_51,2023-03-30,-0.05156921295888891,Clothing,0.009421265141318986,Daily
452,User_452,25,Female,Location_52,2023-09-04,-0.44854127433898283,Home & Garden,-0.32705248990578734,Daily
453,User_453,38,Male,Location_53,2023-03-24,0.46273449217886825,Clothing,0.6823687752355316,Daily
454,User_454,43,Male,Location_54,2023-02-26,-0.6871156166462314,Clothing,0.34589502018842533,Weekly
455,User_455,20,Female,Location_55,2023-03-14,-0.7360038015452577,Electronics,-0.32705248990578734,Monthly
456,User_456,34,Male,Location_56,2023-12-25,-0.9256899589534799,Home & Garden,-0.6635262449528937,Daily
457,User_457,68,Female,Location_57,2023-01-30,-0.4250749455874502,Home & Garden,0.34589502018842533,Daily
458,User_458,63,Male,Location_58,2023-08-15,0.24175989643526916,Books,0.34589502018842533,Weekly
459,User_459,41,Male,Location_59,2023-02-25,0.924238957625677,Clothing,-0.6635262449528937,Daily
460,User_460,42,Female,Location_60,2023-12-27,0.7189085810497663,Books,0.009421265141318986,Monthly
461,User_461,22,Male,Location_61,2023-04-03,0.19482723893220386,Books,-0.6635262449528937,Weekly
462,User_462,54,Female,Location_62,2023-04-26,-0.7203595823775694,Books,0.34589502018842533,Weekly
463,User_463,62,Male,Location_63,2023-10-15,0.14985010882509964,Food,0.009421265141318986,Daily
464,User_464,67,Female,Location_64,2023-02-01,-0.16107874713270792,Electronics,0.009421265141318986,Daily
465,User_465,41,Male,Location_65,2023-10-12,0.417757362071764,Clothing,0.6823687752355316,Monthly
466,User_466,48,Male,Location_66,2023-05-13,0.8714397179347285,Home & Garden,-0.6635262449528937,Weekly
467,User_467,43,Female,Location_67,2023-09-13,0.17136091018067123,Food,0.34589502018842533,Weekly
468,User_468,38,Female,Location_68,2023-09-15,0.380602341548504,Food,-0.32705248990578734,Weekly
469,User_469,51,Male,Location_69,2023-12-02,-0.0437471033750447,Food,0.6823687752355316,Weekly
470,User_470,55,Female,Location_70,2023-01-12,-0.04570263077100575,Home & Garden,-0.32705248990578734,Weekly
471,User_471,41,Male,Location_71,2023-04-17,-0.4700520756945544,Food,0.009421265141318986,Monthly
472,User_472,45,Male,Location_72,2023-08-26,-0.9237344315575189,Food,0.34589502018842533,Monthly
473,User_473,47,Male,Location_73,2023-01-17,-0.8024917330079335,Home & Garden,0.34589502018842533,Monthly
474,User_474,51,Female,Location_74,2023-03-07,0.8753507727266506,Electronics,-0.6635262449528937,Weekly
475,User_475,69,Female,Location_75,2023-07-13,-0.10241292525387631,Food,0.34589502018842533,Monthly
476,User_476,69,Female,Location_76,2023-05-10,-0.3605425415207354,Clothing,0.34589502018842533,Weekly
477,User_477,40,Male,Location_77,2023-09-08,-0.02614735681139521,Electronics,-0.6635262449528937,Monthly
478,User_478,25,Male,Location_78,2023-04-22,-0.6792935070623872,Home & Garden,-0.6635262449528937,Daily
479,User_479,59,Male,Location_79,2024-01-01,-0.4250749455874502,Electronics,0.34589502018842533,Daily
480,User_480,67,Female,Location_80,2023-04-03,-0.1532566375488637,Electronics,0.34589502018842533,Weekly
481,User_481,27,Male,Location_81,2023-10-02,0.2104714580998923,Books,0.6823687752355316,Monthly
482,User_482,18,Female,Location_82,2023-05-18,-0.7751143494644788,Home & Garden,-0.32705248990578734,Daily
483,User_483,37,Female,Location_83,2023-06-28,0.3630025949848545,Electronics,0.6823687752355316,Weekly
484,User_484,54,Female,Location_84,2023-12-11,-0.7672922398806346,Home & Garden,0.6823687752355316,Daily
485,User_485,35,Female,Location_85,2023-10-30,0.8342846974114685,Food,0.009421265141318986,Daily
486,User_486,38,Female,Location_86,2023-05-24,-0.24321089776307217,Home & Garden,0.34589502018842533,Weekly
487,User_487,66,Male,Location_87,2023-09-22,-0.4720076030905155,Electronics,0.6823687752355316,Daily
488,User_488,21,Male,Location_88,2023-08-09,-0.1239237266094479,Home & Garden,0.34589502018842533,Daily
489,User_489,60,Male,Location_89,2023-11-24,-0.22952220599134482,Books,0.6823687752355316,Weekly
490,User_490,19,Male,Location_90,2023-06-08,-0.4583189113187881,Books,0.009421265141318986,Weekly
491,User_491,38,Female,Location_91,2023-08-11,-0.6304053221633609,Books,0.34589502018842533,Weekly
492,User_492,54,Female,Location_92,2023-06-01,0.2143825128918144,Home & Garden,-0.32705248990578734,Daily
493,User_493,22,Female,Location_93,2023-05-09,0.9046836836660664,Electronics,0.009421265141318986,Monthly
494,User_494,34,Male,Location_94,2023-12-15,0.5722440263526872,Food,-0.6635262449528937,Weekly
495,User_495,66,Male,Location_95,2023-05-10,0.05011821163108589,Clothing,-0.32705248990578734,Monthly
496,User_496,65,Female,Location_96,2023-09-09,-0.008547610247745729,Food,0.6823687752355316,Monthly
497,User_497,28,Male,Location_97,2023-07-10,0.4510013278031019,Books,0.34589502018842533,Daily
498,User_498,63,Male,Location_98,2023-06-21,0.7286862180295716,Electronics,0.34589502018842533,Weekly
499,User_499,58,Male,Location_99,2023-04-09,0.8029962590760916,Home & Garden,-0.32705248990578734,Daily
500,User_500,48,Female,Location_0,2023-03-11,0.7482414919891821,Home & Garden,-0.6635262449528937,Weekly
501,User_501,45,Male,Location_1,2023-11-15,-0.8435578083231157,Electronics,0.34589502018842533,Weekly
502,User_502,61,Female,Location_2,2023-04-16,0.5057560948900114,Electronics,-0.6635262449528937,Monthly
503,User_503,49,Male,Location_3,2023-04-22,-0.7946696234240893,Books,-0.6635262449528937,Daily
504,User_504,38,Female,Location_4,2023-08-20,-0.9765336712484673,Books,0.009421265141318986,Monthly
505,User_505,24,Male,Location_5,2023-02-07,0.012963191107825863,Electronics,-0.32705248990578734,Daily
506,User_506,27,Male,Location_6,2023-06-15,-0.4465857469430218,Books,-0.32705248990578734,Monthly
507,User_507,45,Female,Location_7,2023-05-17,-0.5072070962178145,Clothing,-0.32705248990578734,Weekly
508,User_508,65,Female,Location_8,2023-12-14,0.6485095947951683,Home & Garden,0.6823687752355316,Weekly
509,User_509,53,Female,Location_9,2023-12-30,-0.6675603426866209,Books,-0.32705248990578734,Weekly
510,User_510,37,Male,Location_10,2023-06-18,-0.5404510619491524,Books,0.34589502018842533,Daily
511,User_511,30,Female,Location_11,2023-05-25,-0.15521216494482476,Books,0.34589502018842533,Weekly
512,User_512,36,Male,Location_12,2023-05-17,0.15376116361702175,Electronics,-0.32705248990578734,Daily
513,User_513,67,Female,Location_13,2023-09-23,0.7052198892780389,Clothing,0.34589502018842533,Monthly
514,User_514,28,Male,Location_14,2023-01-04,-0.4720076030905155,Books,0.009421265141318986,Monthly
515,User_515,52,Male,Location_15,2023-07-28,-0.3253430483934364,Clothing,0.6823687752355316,Monthly
516,User_516,51,Male,Location_16,2023-07-30,-0.7320927467533356,Clothing,0.6823687752355316,Weekly
517,User_517,61,Female,Location_17,2023-08-09,-0.43876363735917756,Electronics,-0.6635262449528937,Daily
518,User_518,21,Male,Location_18,2023-03-02,0.7580191289689874,Books,-0.6635262449528937,Weekly
519,User_519,30,Female,Location_19,2023-02-07,-0.2549440621388385,Clothing,0.6823687752355316,Weekly
520,User_520,54,Male,Location_20,2023-01-22,-0.7809809316523619,Books,-0.32705248990578734,Weekly
521,User_521,19,Male,Location_21,2023-12-29,0.5409555880173104,Books,-0.32705248990578734,Daily
522,User_522,67,Male,Location_22,2023-09-11,-0.44854127433898283,Food,0.009421265141318986,Daily
523,User_523,18,Male,Location_23,2023-12-21,-0.9765336712484673,Home & Garden,0.6823687752355316,Weekly
524,User_524,57,Female,Location_24,2023-02-22,0.6113545742719083,Books,0.34589502018842533,Weekly
525,User_525,42,Male,Location_25,2023-08-11,0.39037997852830925,Electronics,0.34589502018842533,Daily
526,User_526,54,Male,Location_26,2023-08-23,-0.6401829591431661,Home & Garden,-0.6635262449528937,Weekly
527,User_527,53,Female,Location_27,2023-07-28,-0.7653367124846735,Electronics,0.6823687752355316,Daily
528,User_528,23,Male,Location_28,2023-10-26,-0.41725283600360596,Electronics,-0.6635262449528937,Monthly
529,User_529,24,Female,Location_29,2023-11-06,-0.528717897573386,Electronics,0.009421265141318986,Monthly
530,User_530,21,Female,Location_30,2023-06-12,0.816684950847819,Food,-0.6635262449528937,Weekly
531,User_531,52,Male,Location_31,2023-10-14,0.39037997852830925,Home & Garden,0.009421265141318986,Daily
532,User_532,58,Male,Location_32,2023-03-06,-0.22756667859538376,Electronics,0.6823687752355316,Daily
533,User_533,51,Female,Location_33,2023-10-03,-0.40943072641976175,Food,0.009421265141318986,Weekly
534,User_534,46,Female,Location_34,2023-10-14,0.6954422522982336,Home & Garden,-0.6635262449528937,Weekly
535,User_535,22,Female,Location_35,2023-05-21,-0.46418549350667127,Electronics,0.6823687752355316,Daily
536,User_536,44,Female,Location_36,2023-12-21,0.11269508830183961,Electronics,-0.6635262449528937,Monthly
537,User_537,50,Female,Location_37,2023-08-21,0.6993533070901558,Books,0.34589502018842533,Weekly
538,User_538,63,Female,Location_38,2023-06-29,-0.9804447260403895,Home & Garden,-0.32705248990578734,Daily
539,User_539,69,Female,Location_39,2023-10-25,-0.6616937604987377,Clothing,0.009421265141318986,Monthly
540,User_540,27,Female,Location_40,2023-02-20,-0.929601013745402,Electronics,0.009421265141318986,Weekly
541,User_541,23,Male,Location_41,2023-11-30,-0.6088945208077893,Electronics,-0.32705248990578734,Monthly
542,User_542,51,Female,Location_42,2023-03-14,0.7384638550093768,Electronics,0.009421265141318986,Monthly
543,User_543,25,Male,Location_43,2023-07-14,0.8733952453306896,Books,0.009421265141318986,Weekly
544,User_544,48,Male,Location_44,2023-08-29,0.31411441008582813,Books,0.34589502018842533,Daily
545,User_545,26,Female,Location_45,2023-02-19,0.3317141566494776,Books,0.6823687752355316,Daily
546,User_546,38,Female,Location_46,2023-11-17,0.273048334770646,Home & Garden,0.009421265141318986,Daily
547,User_547,25,Male,Location_47,2023-03-22,0.7032643618820779,Food,0.34589502018842533,Monthly
548,User_548,21,Male,Location_48,2023-04-26,-0.47396313048647654,Home & Garden,0.009421265141318986,Monthly
549,User_549,39,Female,Location_49,2023-07-30,-0.47396313048647654,Food,0.6823687752355316,Monthly
550,User_550,45,Female,Location_50,2023-05-15,-0.28818802787017644,Clothing,0.34589502018842533,Weekly
551,User_551,62,Female,Location_51,2023-03-24,-0.7536035481089072,Home & Garden,0.009421265141318986,Weekly
552,User_552,21,Female,Location_52,2023-12-03,-0.6597382331027767,Electronics,0.34589502018842533,Weekly
553,User_553,56,Male,Location_53,2023-08-28,-0.14739005536098054,Clothing,-0.32705248990578734,Monthly
554,User_554,38,Male,Location_54,2023-10-21,-0.2647216991186438,Electronics,0.009421265141318986,Weekly
555,User_555,25,Male,Location_55,2023-10-18,-0.9413341781211684,Food,-0.6635262449528937,Weekly
556,User_556,37,Male,Location_56,2023-09-26,-0.524806842781464,Books,0.6823687752355316,Monthly
557,User_557,49,Male,Location_57,2023-06-09,-0.7203595823775694,Food,0.009421265141318986,Monthly
558,User_558,18,Male,Location_58,2023-11-24,0.4431792182192577,Home & Garden,0.009421265141318986,Monthly
559,User_559,23,Male,Location_59,2023-04-09,-0.818135952175622,Clothing,-0.6635262449528937,Daily
560,User_560,45,Female,Location_60,2023-04-30,0.37669128675658187,Clothing,0.34589502018842533,Weekly
561,User_561,61,Female,Location_61,2023-01-21,0.4686010743667514,Clothing,0.6823687752355316,Weekly
562,User_562,48,Female,Location_62,2023-11-30,-0.47396313048647654,Food,-0.6635262449528937,Monthly
563,User_563,27,Female,Location_63,2023-07-07,0.6837090879224673,Home & Garden,0.6823687752355316,Monthly
564,User_564,37,Male,Location_64,2023-11-22,-0.6851600892502704,Books,0.009421265141318986,Daily
565,User_565,25,Male,Location_65,2023-06-17,-0.8865794110342589,Clothing,0.6823687752355316,Weekly
566,User_566,39,Female,Location_66,2023-03-21,0.7052198892780389,Books,0.34589502018842533,Monthly
567,User_567,55,Male,Location_67,2023-08-04,0.32975862925351657,Clothing,-0.32705248990578734,Daily
568,User_568,46,Male,Location_68,2023-08-31,-0.5560952811168408,Clothing,0.6823687752355316,Weekly
569,User_569,26,Male,Location_69,2023-10-18,0.7853965125124421,Food,-0.32705248990578734,Monthly
570,User_570,61,Male,Location_70,2023-03-16,0.853839971371079,Electronics,0.34589502018842533,Weekly
571,User_571,64,Female,Location_71,2023-10-30,0.2945591361262176,Clothing,-0.6635262449528937,Daily
572,User_572,18,Female,Location_72,2023-04-16,0.02860741027551429,Electronics,0.6823687752355316,Weekly
573,User_573,58,Female,Location_73,2023-07-08,-0.5111181510097366,Food,0.6823687752355316,Daily
574,User_574,69,Female,Location_74,2023-07-28,0.8245070604316632,Clothing,0.6823687752355316,Monthly
575,User_575,56,Male,Location_75,2023-06-24,-0.5815171372643345,Home & Garden,0.6823687752355316,Daily
576,User_576,43,Female,Location_76,2023-02-18,0.23784884164334705,Clothing,-0.32705248990578734,Monthly
577,User_577,28,Male,Location_77,2023-10-02,0.41580183467580295,Clothing,0.34589502018842533,Daily
578,User_578,69,Female,Location_78,2023-09-12,0.5135782044738556,Home & Garden,-0.32705248990578734,Weekly
579,User_579,52,Male,Location_79,2023-06-04,-0.1454345279650195,Home & Garden,0.009421265141318986,Monthly
580,User_580,41,Female,Location_80,2023-01-06,0.3747357593606208,Clothing,0.009421265141318986,Daily
581,User_581,50,Male,Location_81,2023-10-03,-0.5150292058016587,Books,-0.6635262449528937,Weekly
582,User_582,37,Male,Location_82,2023-12-06,0.2906480813342955,Food,-0.6635262449528937,Weekly
583,User_583,44,Male,Location_83,2023-10-20,0.49597845791020617,Books,0.6823687752355316,Daily
584,User_584,32,Male,Location_84,2023-05-23,-0.8963570480140641,Clothing,0.009421265141318986,Weekly
585,User_585,50,Male,Location_85,2023-01-16,0.5331334784334661,Electronics,-0.32705248990578734,Monthly
586,User_586,69,Male,Location_86,2023-04-03,0.4099352524879198,Home & Garden,0.34589502018842533,Weekly
587,User_587,24,Male,Location_87,2023-06-16,0.02078530069167008,Home & Garden,0.009421265141318986,Weekly
588,User_588,51,Male,Location_88,2023-02-23,0.12051719788568382,Electronics,0.009421265141318986,Daily
589,User_589,62,Male,Location_89,2023-03-16,0.3375807388373608,Food,-0.32705248990578734,Monthly
590,User_590,68,Female,Location_90,2023-06-14,0.709130944069961,Food,0.009421265141318986,Daily
591,User_591,63,Female,Location_91,2023-05-26,-0.9354675959332852,Clothing,-0.32705248990578734,Monthly
592,User_592,59,Female,Location_92,2023-03-04,-0.10436845264983736,Clothing,-0.32705248990578734,Monthly
593,User_593,22,Female,Location_93,2023-11-14,0.4099352524879198,Home & Garden,-0.32705248990578734,Weekly
594,User_594,47,Female,Location_94,2023-09-06,0.8303736426195464,Electronics,-0.32705248990578734,Weekly
595,User_595,45,Male,Location_95,2023-10-26,0.5565998071849988,Electronics,0.009421265141318986,Weekly
596,User_596,35,Female,Location_96,2023-08-31,0.5839771907284536,Books,0.009421265141318986,Weekly
597,User_597,53,Female,Location_97,2023-06-16,-0.9765336712484673,Food,0.34589502018842533,Daily
598,User_598,20,Male,Location_98,2023-02-17,0.345402848421205,Food,-0.6635262449528937,Daily
599,User_599,38,Female,Location_99,2023-03-14,-0.45636338392282705,Clothing,0.34589502018842533,Monthly
600,User_600,63,Female,Location_0,2023-12-27,0.14593905403317753,Clothing,-0.32705248990578734,Weekly
601,User_601,33,Male,Location_1,2023-09-26,0.7677967659487926,Food,0.6823687752355316,Monthly
602,User_602,54,Female,Location_2,2023-11-07,0.5135782044738556,Books,0.34589502018842533,Daily
603,User_603,59,Female,Location_3,2023-11-24,-0.8396467535311936,Clothing,0.6823687752355316,Weekly
604,User_604,22,Male,Location_4,2023-11-13,0.527266896245583,Clothing,0.6823687752355316,Weekly
605,User_605,67,Male,Location_5,2023-04-12,-0.20410034984385111,Books,0.009421265141318986,Weekly
606,User_606,68,Male,Location_6,2023-09-01,0.7677967659487926,Home & Garden,-0.32705248990578734,Daily
607,User_607,31,Male,Location_7,2023-06-22,0.9477052863772095,Food,-0.6635262449528937,Monthly
608,User_608,48,Female,Location_8,2023-02-13,-0.7242706371694914,Electronics,-0.6635262449528937,Weekly
609,User_609,63,Female,Location_9,2023-10-31,-0.5306734249693471,Electronics,-0.6635262449528937,Weekly
610,User_610,41,Female,Location_10,2023-12-16,-0.09263528827407104,Electronics,-0.6635262449528937,Monthly
611,User_611,52,Male,Location_11,2023-06-26,0.28282597175045127,Electronics,-0.6635262449528937,Monthly
612,User_612,53,Female,Location_12,2023-06-21,-0.19041165807212374,Electronics,0.6823687752355316,Monthly
613,User_613,27,Male,Location_13,2023-04-09,0.634820903023441,Home & Garden,0.6823687752355316,Weekly
614,User_614,44,Female,Location_14,2023-12-12,-0.9765336712484673,Food,0.6823687752355316,Weekly
615,User_615,44,Male,Location_15,2023-09-23,0.9379276493974043,Clothing,-0.32705248990578734,Weekly
616,User_616,40,Female,Location_16,2023-04-06,-0.6382274317472051,Electronics,0.34589502018842533,Monthly
617,User_617,30,Female,Location_17,2023-09-03,0.018829773295709024,Books,0.009421265141318986,Weekly
618,User_618,33,Male,Location_18,2023-11-10,0.37278023196465976,Electronics,0.6823687752355316,Daily
619,User_619,52,Male,Location_19,2023-07-28,0.1342058896574112,Home & Garden,-0.32705248990578734,Weekly
620,User_620,44,Male,Location_20,2023-04-06,-0.7653367124846735,Food,-0.32705248990578734,Monthly
621,User_621,69,Female,Location_21,2023-09-09,0.18113854716047648,Books,0.009421265141318986,Daily
622,User_622,56,Female,Location_22,2023-05-08,-0.4837407674662818,Electronics,-0.6635262449528937,Monthly
623,User_623,64,Male,Location_23,2023-02-28,0.17722749236855437,Home & Garden,-0.32705248990578734,Weekly
624,User_624,34,Male,Location_24,2023-11-30,-0.3683646511045796,Electronics,0.34589502018842533,Daily
625,User_625,65,Male,Location_25,2023-04-27,0.35518048540101027,Electronics,0.34589502018842533,Weekly
626,User_626,58,Male,Location_26,2023-01-19,-0.4152973086076449,Books,0.34589502018842533,Monthly
627,User_627,18,Female,Location_27,2023-04-14,-0.022236302019473107,Home & Garden,-0.32705248990578734,Weekly
628,User_628,28,Male,Location_28,2023-06-14,-0.8455133357190767,Food,-0.32705248990578734,Weekly
629,User_629,29,Male,Location_29,2023-09-03,-0.5482731715329966,Home & Garden,-0.32705248990578734,Monthly
630,User_630,31,Female,Location_30,2023-10-28,-0.8259580617594662,Food,-0.32705248990578734,Monthly
631,User_631,25,Female,Location_31,2023-10-18,-0.8064027877998556,Food,0.34589502018842533,Weekly
632,User_632,48,Male,Location_32,2023-01-23,-0.016369719831589944,Food,0.009421265141318986,Monthly
633,User_633,24,Female,Location_33,2023-06-17,-0.4328970551712944,Food,0.009421265141318986,Weekly
634,User_634,63,Male,Location_34,2023-03-11,-0.28427697307825434,Home & Garden,-0.32705248990578734,Weekly
635,User_635,48,Female,Location_35,2023-06-27,0.3884244511323482,Books,0.34589502018842533,Daily
636,User_636,33,Female,Location_36,2023-11-26,0.7580191289689874,Food,0.009421265141318986,Weekly
637,User_637,59,Male,Location_37,2023-10-31,0.6465540673992073,Clothing,0.34589502018842533,Weekly
638,User_638,56,Female,Location_38,2023-02-17,-0.11023503483772053,Food,-0.32705248990578734,Monthly
639,User_639,61,Male,Location_39,2023-10-17,-0.8298691165513883,Clothing,-0.32705248990578734,Daily
640,User_640,36,Male,Location_40,2023-12-14,0.044251629443202725,Electronics,0.6823687752355316,Daily
641,User_641,25,Female,Location_41,2023-12-31,0.40797972509195873,Food,-0.32705248990578734,Daily
642,User_642,46,Female,Location_42,2023-06-03,-0.7594701302967903,Clothing,0.34589502018842533,Weekly
643,User_643,19,Male,Location_43,2023-06-10,0.11660614309376172,Food,-0.32705248990578734,Daily
644,User_644,59,Female,Location_44,2023-10-03,-0.7242706371694914,Home & Garden,-0.6635262449528937,Daily
645,User_645,20,Female,Location_45,2023-09-11,0.8342846974114685,Books,0.6823687752355316,Monthly
646,User_646,68,Female,Location_46,2023-09-16,-0.7555590755048682,Electronics,-0.32705248990578734,Monthly
647,User_647,46,Male,Location_47,2023-08-05,0.3669136497767766,Books,-0.32705248990578734,Weekly
648,User_648,32,Female,Location_48,2023-10-15,0.4646900195748293,Books,0.6823687752355316,Weekly
649,User_649,55,Female,Location_49,2023-04-07,-0.20410034984385111,Home & Garden,-0.6635262449528937,Weekly
650,User_650,45,Male,Location_50,2023-10-26,-0.8337801713433104,Clothing,0.6823687752355316,Monthly
651,User_651,54,Female,Location_51,2023-01-05,-0.9472007603090515,Electronics,0.34589502018842533,Daily
652,User_652,49,Male,Location_52,2023-04-15,-0.8474688631150378,Books,0.34589502018842533,Daily
653,User_653,47,Male,Location_53,2023-12-06,-0.059391322542733126,Food,-0.6635262449528937,Daily
654,User_654,68,Male,Location_54,2023-06-24,-0.38791992506419015,Clothing,-0.32705248990578734,Monthly
655,User_655,64,Male,Location_55,2023-05-09,-0.3351206853732417,Electronics,0.6823687752355316,Monthly
656,User_656,47,Female,Location_56,2023-12-19,-0.15521216494482476,Books,0.009421265141318986,Monthly
657,User_657,68,Male,Location_57,2023-03-06,0.24762647862315232,Books,-0.6635262449528937,Monthly
658,User_658,51,Male,Location_58,2023-11-06,-0.5013405140299313,Clothing,0.6823687752355316,Daily
659,User_659,30,Male,Location_59,2023-11-04,0.7208641084457273,Food,0.6823687752355316,Daily
660,User_660,50,Female,Location_60,2023-12-15,-0.13565689098521422,Books,-0.6635262449528937,Monthly
661,User_661,59,Male,Location_61,2023-06-01,0.09118428694626801,Home & Garden,0.009421265141318986,Monthly
662,User_662,34,Male,Location_62,2023-01-15,-0.04765815816696681,Home & Garden,0.34589502018842533,Daily
663,User_663,20,Male,Location_63,2023-05-26,0.5702884989567262,Clothing,0.34589502018842533,Weekly
664,User_664,26,Male,Location_64,2023-06-10,0.08922875955030696,Electronics,-0.32705248990578734,Weekly
665,User_665,69,Male,Location_65,2023-03-25,-0.09067976087810999,Clothing,-0.32705248990578734,Monthly
666,User_666,28,Male,Location_66,2023-04-03,0.8968615740822222,Clothing,0.34589502018842533,Monthly
667,User_667,66,Male,Location_67,2023-06-19,0.6465540673992073,Electronics,0.009421265141318986,Weekly
668,User_668,44,Male,Location_68,2023-11-19,-0.964800506872701,Electronics,-0.6635262449528937,Monthly
669,User_669,45,Male,Location_69,2023-05-24,0.9027281562701054,Electronics,0.6823687752355316,Weekly
670,User_670,19,Male,Location_70,2023-08-29,0.5331334784334661,Food,-0.32705248990578734,Daily
671,User_671,18,Male,Location_71,2023-01-18,-0.782936459048323,Books,0.34589502018842533,Daily
672,User_672,23,Male,Location_72,2023-02-07,-0.21583351421961744,Clothing,0.6823687752355316,Monthly
673,User_673,42,Female,Location_73,2023-06-29,0.8714397179347285,Home & Garden,-0.6635262449528937,Weekly
674,User_674,52,Female,Location_74,2023-03-24,-0.07894659650234366,Electronics,-0.6635262449528937,Monthly
675,User_675,33,Male,Location_75,2023-12-26,-0.820091479571583,Electronics,-0.32705248990578734,Monthly
676,User_676,21,Female,Location_76,2023-07-04,-0.24516642515903322,Electronics,-0.32705248990578734,Daily
677,User_677,64,Female,Location_77,2023-12-06,0.05402926642300799,Books,0.009421265141318986,Weekly
678,User_678,55,Female,Location_78,2023-08-31,0.527266896245583,Home & Garden,-0.6635262449528937,Weekly
679,User_679,61,Male,Location_79,2023-06-12,-0.7340482741492966,Clothing,0.34589502018842533,Monthly
680,User_680,37,Female,Location_80,2023-03-14,-0.46418549350667127,Books,-0.6635262449528937,Daily
681,User_681,42,Female,Location_81,2023-09-30,-0.8885349384302199,Food,-0.6635262449528937,Weekly
682,User_682,24,Male,Location_82,2023-12-12,0.10487297871799539,Home & Garden,0.009421265141318986,Weekly
683,User_683,38,Female,Location_83,2023-05-26,0.39037997852830925,Home & Garden,-0.6635262449528937,Monthly
684,User_684,24,Female,Location_84,2023-08-03,0.527266896245583,Food,0.34589502018842533,Daily
685,User_685,46,Female,Location_85,2023-06-30,-0.3937865072520733,Clothing,0.009421265141318986,Weekly
686,User_686,69,Female,Location_86,2023-08-17,-0.8337801713433104,Home & Garden,-0.6635262449528937,Daily
687,User_687,24,Male,Location_87,2023-08-26,-0.38400887027226804,Electronics,-0.32705248990578734,Monthly
688,User_688,20,Female,Location_88,2023-09-21,-0.8826683562423367,Clothing,0.6823687752355316,Monthly
689,User_689,46,Male,Location_89,2023-11-12,-0.7105819453977641,Books,-0.6635262449528937,Weekly
690,User_690,46,Female,Location_90,2023-11-24,-0.6460495413310493,Food,0.34589502018842533,Daily
691,User_691,56,Female,Location_91,2023-04-24,0.4255794716556082,Electronics,0.34589502018842533,Weekly
692,User_692,55,Female,Location_92,2023-11-25,0.9496608137731706,Electronics,-0.32705248990578734,Weekly
693,User_693,23,Female,Location_93,2023-08-21,-0.7809809316523619,Electronics,-0.6635262449528937,Daily
694,User_694,63,Female,Location_94,2023-11-03,0.14202799924125542,Books,-0.6635262449528937,Monthly
695,User_695,27,Male,Location_95,2023-03-20,-0.03592499379120048,Electronics,-0.6635262449528937,Daily
696,User_696,54,Male,Location_96,2023-01-21,-0.31947646620555326,Home & Garden,0.34589502018842533,Daily
697,User_697,31,Male,Location_97,2023-06-12,0.5155337318698167,Electronics,0.009421265141318986,Weekly
698,User_698,39,Female,Location_98,2023-08-09,-0.35858701412477434,Clothing,0.009421265141318986,Monthly
699,User_699,49,Male,Location_99,2023-12-01,-0.2510330073469164,Home & Garden,-0.32705248990578734,Monthly
700,User_700,35,Female,Location_0,2023-07-26,-0.16107874713270792,Electronics,0.34589502018842533,Weekly
701,User_701,53,Male,Location_1,2023-10-09,-0.3136098840176701,Books,0.6823687752355316,Weekly
702,User_702,63,Male,Location_2,2023-10-03,0.8264625878276243,Electronics,-0.32705248990578734,Monthly
703,User_703,69,Male,Location_3,2023-11-23,0.887083937102417,Books,0.009421265141318986,Weekly
704,User_704,26,Female,Location_4,2023-05-01,-0.5404510619491524,Home & Garden,0.6823687752355316,Daily
705,User_705,43,Male,Location_5,2023-07-07,-0.8064027877998556,Home & Garden,-0.32705248990578734,Daily
706,User_706,39,Female,Location_6,2023-10-19,-0.08481317869022682,Home & Garden,-0.32705248990578734,Weekly
707,User_707,63,Male,Location_7,2023-03-13,0.022740828087631133,Home & Garden,0.34589502018842533,Daily
708,User_708,55,Female,Location_8,2023-10-25,0.009052136315903755,Books,-0.6635262449528937,Weekly
709,User_709,40,Female,Location_9,2023-11-23,-0.18845613067616268,Clothing,0.009421265141318986,Monthly
710,User_710,34,Female,Location_10,2023-08-27,0.8205960056397411,Books,0.009421265141318986,Weekly
711,User_711,43,Female,Location_11,2023-06-08,0.2906480813342955,Books,-0.6635262449528937,Monthly
712,User_712,64,Female,Location_12,2023-12-19,0.2554485882069965,Electronics,0.6823687752355316,Weekly
713,User_713,55,Female,Location_13,2023-07-22,-0.1493455827569416,Electronics,0.6823687752355316,Weekly
714,User_714,19,Female,Location_14,2023-01-07,-0.9550228698928958,Books,0.6823687752355316,Daily
715,User_715,23,Female,Location_15,2023-02-04,0.3708247045686987,Food,-0.6635262449528937,Daily
716,User_716,24,Female,Location_16,2023-02-25,-0.3507649045409301,Clothing,0.34589502018842533,Daily
717,User_717,30,Female,Location_17,2023-10-11,-0.5697839728885682,Home & Garden,0.34589502018842533,Daily
718,User_718,44,Male,Location_18,2023-06-12,-0.5658729180966461,Home & Garden,-0.32705248990578734,Weekly
719,User_719,28,Female,Location_19,2023-07-06,0.2847814991464123,Home & Garden,0.009421265141318986,Daily
720,User_720,32,Male,Location_20,2023-07-23,0.599621409896142,Electronics,-0.6635262449528937,Weekly
721,User_721,26,Male,Location_21,2023-10-13,-0.37032017850054066,Electronics,0.34589502018842533,Weekly
722,User_722,25,Female,Location_22,2023-12-04,-0.3136098840176701,Clothing,0.009421265141318986,Monthly
723,User_723,63,Male,Location_23,2023-01-09,-0.9080902123898305,Clothing,0.6823687752355316,Weekly
724,User_724,23,Female,Location_24,2023-12-24,-0.13956794577713633,Books,-0.6635262449528937,Daily
725,User_725,65,Female,Location_25,2023-08-09,-0.5678284454926071,Electronics,0.009421265141318986,Monthly
726,User_726,60,Male,Location_26,2023-05-06,-0.05352474035484996,Home & Garden,0.34589502018842533,Monthly
727,User_727,21,Female,Location_27,2023-05-10,0.3786468141525429,Books,0.6823687752355316,Monthly
728,User_728,28,Male,Location_28,2023-05-26,-0.2177890416155785,Food,-0.32705248990578734,Weekly
729,User_729,68,Male,Location_29,2023-08-01,0.02078530069167008,Food,-0.32705248990578734,Daily
730,User_730,45,Male,Location_30,2023-01-16,-0.21387798682365639,Clothing,-0.32705248990578734,Monthly
731,User_731,43,Male,Location_31,2023-08-31,0.43731263603137455,Electronics,0.34589502018842533,Weekly
732,User_732,21,Female,Location_32,2023-09-22,-0.2392998429711501,Electronics,-0.6635262449528937,Weekly
733,User_733,32,Female,Location_33,2023-06-28,-0.5130736784056976,Food,0.009421265141318986,Monthly
734,User_734,36,Female,Location_34,2023-11-03,0.34344732102524395,Clothing,0.34589502018842533,Daily
735,User_735,23,Male,Location_35,2023-06-29,0.9027281562701054,Clothing,0.009421265141318986,Weekly
736,User_736,22,Female,Location_36,2023-04-02,0.36104706758889343,Electronics,0.34589502018842533,Monthly
737,User_737,35,Male,Location_37,2023-12-20,0.4744676565546346,Electronics,0.6823687752355316,Weekly
738,User_738,23,Male,Location_38,2023-03-24,-0.1493455827569416,Food,0.34589502018842533,Daily
739,User_739,48,Male,Location_39,2023-12-22,0.7013088344861168,Home & Garden,-0.32705248990578734,Daily
740,User_740,42,Male,Location_40,2023-04-04,-0.857246500094843,Clothing,-0.6635262449528937,Daily
741,User_741,21,Male,Location_41,2023-03-24,-0.8689796644706094,Electronics,0.009421265141318986,Daily
742,User_742,23,Male,Location_42,2023-08-30,0.21633804028777545,Clothing,0.6823687752355316,Weekly
743,User_743,58,Female,Location_43,2023-04-14,0.09705086913415117,Home & Garden,-0.32705248990578734,Daily
744,User_744,54,Female,Location_44,2024-01-01,0.39820208811215346,Food,0.6823687752355316,Monthly
745,User_745,67,Female,Location_45,2023-12-25,-0.12979030879733106,Home & Garden,0.009421265141318986,Daily
746,User_746,42,Male,Location_46,2023-08-01,0.39037997852830925,Food,0.34589502018842533,Daily
747,User_747,51,Male,Location_47,2023-10-26,-0.26667722651460485,Clothing,-0.6635262449528937,Monthly
748,User_748,36,Female,Location_48,2023-02-20,0.4060241976959977,Books,-0.32705248990578734,Daily
749,User_749,51,Female,Location_49,2023-04-28,0.8851284097064559,Clothing,-0.6635262449528937,Daily
750,User_750,32,Female,Location_50,2023-06-02,0.6993533070901558,Books,0.009421265141318986,Monthly
751,User_751,67,Male,Location_51,2023-09-10,-0.2940546100580596,Clothing,0.6823687752355316,Daily
752,User_752,25,Female,Location_52,2023-04-30,0.8499289165791569,Home & Garden,-0.6635262449528937,Weekly
753,User_753,61,Female,Location_53,2023-06-15,-0.8376912261352325,Food,0.6823687752355316,Weekly
754,User_754,64,Male,Location_54,2023-09-12,0.3747357593606208,Clothing,-0.6635262449528937,Daily
755,User_755,66,Male,Location_55,2023-07-19,0.7560636015730263,Electronics,0.009421265141318986,Weekly
756,User_756,70,Female,Location_56,2023-07-21,0.034473992463397454,Food,0.6823687752355316,Monthly
757,User_757,51,Female,Location_57,2023-10-25,-0.2862325004742154,Home & Garden,-0.6635262449528937,Weekly
758,User_758,35,Male,Location_58,2023-10-02,0.8636176083508843,Clothing,-0.6635262449528937,Daily
759,User_759,47,Male,Location_59,2023-04-07,0.4060241976959977,Food,0.009421265141318986,Daily
760,User_760,30,Male,Location_60,2023-08-13,0.35126943060908816,Electronics,0.6823687752355316,Daily
761,User_761,64,Male,Location_61,2023-02-07,0.5761550811446093,Food,-0.6635262449528937,Daily
762,User_762,50,Female,Location_62,2023-08-20,-0.49938498663397024,Clothing,-0.32705248990578734,Monthly
763,User_763,52,Female,Location_63,2023-01-16,0.7599746563649484,Electronics,0.009421265141318986,Daily
764,User_764,69,Female,Location_64,2023-08-14,0.6876201427143894,Clothing,-0.6635262449528937,Monthly
765,User_765,41,Female,Location_65,2023-09-25,0.5429111154132714,Books,0.009421265141318986,Monthly
766,User_766,43,Female,Location_66,2023-05-14,0.02665188287955324,Food,0.34589502018842533,Daily
767,User_767,64,Male,Location_67,2023-12-16,-0.4446302195470607,Electronics,-0.6635262449528937,Weekly
768,User_768,68,Male,Location_68,2023-04-15,0.8401512795993517,Clothing,-0.32705248990578734,Weekly
769,User_769,61,Female,Location_69,2023-11-22,-0.890490465826181,Books,0.34589502018842533,Weekly
770,User_770,70,Male,Location_70,2023-07-04,-0.27449933609844906,Clothing,0.009421265141318986,Daily
771,User_771,59,Female,Location_71,2023-03-29,-0.6968932536260367,Clothing,0.6823687752355316,Weekly
772,User_772,64,Female,Location_72,2023-01-09,-0.7633811850887124,Food,0.6823687752355316,Monthly
773,User_773,18,Female,Location_73,2023-12-09,-0.6773379796664262,Food,0.009421265141318986,Weekly
774,User_774,30,Female,Location_74,2023-04-25,-0.8748462466584925,Books,0.6823687752355316,Monthly
775,User_775,27,Male,Location_75,2023-05-11,0.23784884164334705,Food,0.6823687752355316,Weekly
776,User_776,36,Female,Location_76,2023-06-28,0.4138463072798419,Electronics,-0.32705248990578734,Monthly
777,User_777,22,Female,Location_77,2023-11-28,-0.1923671854680848,Books,0.34589502018842533,Weekly
778,User_778,25,Female,Location_78,2023-01-22,-0.5912947742441398,Food,-0.6635262449528937,Weekly
779,User_779,21,Male,Location_79,2023-10-17,0.1596277458049049,Home & Garden,0.34589502018842533,Monthly
780,User_780,66,Female,Location_80,2023-12-15,0.7189085810497663,Electronics,0.009421265141318986,Weekly
781,User_781,30,Male,Location_81,2023-09-28,-0.1454345279650195,Clothing,-0.32705248990578734,Weekly
782,User_782,55,Male,Location_82,2023-11-14,0.8577510261630011,Electronics,0.009421265141318986,Weekly
783,User_783,70,Female,Location_83,2023-03-14,0.235893314247386,Electronics,0.34589502018842533,Daily
784,User_784,63,Male,Location_84,2024-01-01,0.36104706758889343,Electronics,-0.32705248990578734,Daily
785,User_785,66,Male,Location_85,2023-09-10,0.3375807388373608,Home & Garden,-0.32705248990578734,Weekly
786,User_786,63,Female,Location_86,2023-01-02,0.33562521144139973,Electronics,0.34589502018842533,Weekly
787,User_787,36,Female,Location_87,2023-12-28,-0.8357356987392714,Home & Garden,-0.6635262449528937,Daily
788,User_788,69,Male,Location_88,2023-09-28,-0.24712195255499428,Home & Garden,0.34589502018842533,Monthly
789,User_789,67,Female,Location_89,2023-08-27,0.6563317043790126,Food,-0.32705248990578734,Weekly
790,User_790,25,Male,Location_90,2023-12-22,-0.04961368556292786,Home & Garden,-0.32705248990578734,Weekly
791,User_791,44,Female,Location_91,2023-03-22,0.6113545742719083,Home & Garden,-0.6635262449528937,Monthly
792,User_792,67,Female,Location_92,2023-01-13,0.8342846974114685,Books,-0.6635262449528937,Monthly
793,User_793,64,Female,Location_93,2023-01-05,-0.5678284454926071,Home & Garden,0.009421265141318986,Monthly
794,User_794,47,Male,Location_94,2023-05-06,-0.1532566375488637,Electronics,0.009421265141318986,Weekly
795,User_795,21,Male,Location_95,2023-12-19,-0.1708563841125132,Clothing,-0.32705248990578734,Monthly
796,User_796,28,Male,Location_96,2023-04-01,-0.5443621167410745,Home & Garden,0.009421265141318986,Monthly
797,User_797,38,Female,Location_97,2023-11-21,0.7384638550093768,Home & Garden,-0.6635262449528937,Daily
798,User_798,60,Male,Location_98,2023-06-11,-0.6382274317472051,Food,0.009421265141318986,Monthly
799,User_799,19,Female,Location_99,2023-11-11,0.7736633481366758,Food,0.009421265141318986,Weekly
800,User_800,38,Female,Location_0,2023-09-16,0.8342846974114685,Electronics,-0.32705248990578734,Weekly
801,User_801,34,Male,Location_1,2023-08-10,0.7677967659487926,Books,0.34589502018842533,Daily
802,User_802,60,Female,Location_2,2023-05-04,-0.7770698768604398,Home & Garden,0.34589502018842533,Weekly
803,User_803,68,Male,Location_3,2023-12-18,-0.25885511693076063,Clothing,0.6823687752355316,Weekly
804,User_804,46,Female,Location_4,2023-07-21,0.39429103332023135,Home & Garden,0.6823687752355316,Daily
805,User_805,44,Male,Location_5,2023-09-09,-0.747736965921024,Books,-0.32705248990578734,Monthly
806,User_806,41,Female,Location_6,2023-08-22,-0.39183097985611226,Books,-0.32705248990578734,Monthly
807,User_807,70,Female,Location_7,2023-03-04,-0.6225832125795167,Clothing,0.34589502018842533,Weekly
808,User_808,66,Male,Location_8,2023-03-02,-0.7653367124846735,Electronics,-0.32705248990578734,Daily
809,User_809,20,Male,Location_9,2023-04-22,0.7521525467811042,Home & Garden,-0.6635262449528937,Monthly
810,User_810,56,Female,Location_10,2023-03-07,-0.35467595933285223,Home & Garden,-0.32705248990578734,Weekly
811,User_811,27,Male,Location_11,2023-10-24,0.7189085810497663,Food,0.009421265141318986,Monthly
812,User_812,20,Female,Location_12,2023-01-06,-0.06330237733465524,Electronics,-0.32705248990578734,Weekly
813,User_813,70,Female,Location_13,2023-04-04,0.31411441008582813,Clothing,0.34589502018842533,Monthly
814,User_814,62,Female,Location_14,2023-04-04,-0.17672296630039636,Home & Garden,-0.6635262449528937,Monthly
815,User_815,59,Female,Location_15,2023-04-10,-0.9706670890605842,Books,0.6823687752355316,Weekly
816,User_816,43,Female,Location_16,2023-12-27,0.7345528002174547,Electronics,-0.6635262449528937,Monthly
817,User_817,54,Male,Location_17,2023-10-26,-0.9120012671817526,Books,-0.6635262449528937,Weekly
818,User_818,44,Male,Location_18,2023-07-19,0.7345528002174547,Books,0.009421265141318986,Daily
819,User_819,22,Male,Location_19,2023-04-02,0.5898437729163367,Home & Garden,-0.6635262449528937,Monthly
820,User_820,59,Female,Location_20,2023-09-29,0.2632706977908407,Clothing,-0.32705248990578734,Daily
821,User_821,28,Male,Location_21,2023-03-20,0.22416014987161967,Clothing,0.34589502018842533,Weekly
822,User_822,30,Male,Location_22,2023-11-15,-0.599116883827984,Clothing,-0.6635262449528937,Monthly
823,User_823,58,Male,Location_23,2023-03-30,-0.6753824522704651,Home & Garden,-0.6635262449528937,Monthly
824,User_824,51,Female,Location_24,2023-11-07,0.19873829372412596,Food,-0.32705248990578734,Monthly
825,User_825,55,Male,Location_25,2023-02-05,0.5116226770778945,Clothing,-0.6635262449528937,Daily
826,User_826,57,Male,Location_26,2023-09-15,-0.7125374727937251,Books,0.6823687752355316,Monthly
827,User_827,50,Male,Location_27,2023-12-01,-0.39574203464803437,Books,-0.6635262449528937,Monthly
828,User_828,51,Female,Location_28,2023-10-10,0.2769593895625681,Food,-0.6635262449528937,Weekly
829,User_829,44,Male,Location_29,2023-10-27,-0.7712032946725567,Electronics,-0.6635262449528937,Monthly
830,User_830,53,Female,Location_30,2023-08-07,0.7932186220962864,Home & Garden,0.6823687752355316,Monthly
831,User_831,43,Female,Location_31,2023-07-26,0.8714397179347285,Home & Garden,0.6823687752355316,Daily
832,User_832,68,Male,Location_32,2023-04-01,-0.06134684993869418,Books,0.6823687752355316,Daily
833,User_833,42,Female,Location_33,2023-03-12,0.22807120466354178,Clothing,0.6823687752355316,Monthly
834,User_834,36,Male,Location_34,2023-11-01,0.4783787113465567,Clothing,-0.6635262449528937,Daily
835,User_835,38,Female,Location_35,2023-09-26,-0.7223151097735304,Food,-0.32705248990578734,Monthly
836,User_836,48,Male,Location_36,2023-05-02,0.3278031018575555,Electronics,0.34589502018842533,Monthly
837,User_837,46,Male,Location_37,2023-05-10,-0.36249806891669645,Clothing,0.34589502018842533,Monthly
838,User_838,26,Female,Location_38,2023-05-24,-0.14347900056905843,Clothing,-0.6635262449528937,Monthly
839,User_839,36,Male,Location_39,2023-09-01,-0.9765336712484673,Books,0.009421265141318986,Monthly
840,User_840,43,Female,Location_40,2023-06-25,-0.8455133357190767,Clothing,0.34589502018842533,Daily
841,User_841,42,Male,Location_41,2023-06-11,0.11269508830183961,Home & Garden,0.6823687752355316,Weekly
842,User_842,57,Female,Location_42,2023-10-13,-0.5815171372643345,Clothing,0.009421265141318986,Monthly
843,User_843,60,Female,Location_43,2023-08-20,0.30433677310602286,Clothing,-0.32705248990578734,Monthly
844,User_844,46,Female,Location_44,2023-03-06,-0.8259580617594662,Electronics,0.009421265141318986,Monthly
845,User_845,42,Female,Location_45,2023-07-27,0.380602341548504,Home & Garden,-0.32705248990578734,Monthly
846,User_846,36,Female,Location_46,2023-10-17,0.10096192392607328,Food,0.009421265141318986,Daily
847,User_847,21,Male,Location_47,2023-07-04,0.8186404782437801,Home & Garden,0.34589502018842533,Monthly
848,User_848,62,Male,Location_48,2023-10-03,0.43731263603137455,Food,0.6823687752355316,Weekly
849,User_849,37,Female,Location_49,2023-08-20,0.22416014987161967,Electronics,-0.32705248990578734,Weekly
850,User_850,63,Male,Location_50,2023-09-03,0.02665188287955324,Electronics,-0.32705248990578734,Monthly
851,User_851,18,Male,Location_51,2023-08-24,0.3884244511323482,Books,0.009421265141318986,Monthly
852,User_852,28,Female,Location_52,2023-07-31,0.6113545742719083,Electronics,0.6823687752355316,Monthly
853,User_853,21,Female,Location_53,2023-05-08,-0.2608106443267217,Clothing,-0.6635262449528937,Weekly
854,User_854,24,Female,Location_54,2023-03-26,-0.669515870082582,Home & Garden,-0.32705248990578734,Daily
855,User_855,45,Female,Location_55,2023-12-19,-0.09263528827407104,Food,0.6823687752355316,Daily
856,User_856,53,Male,Location_56,2023-05-27,0.6211322112517136,Home & Garden,-0.6635262449528937,Daily
857,User_857,24,Male,Location_57,2023-10-31,-0.7907585686321672,Home & Garden,-0.32705248990578734,Weekly
858,User_858,37,Female,Location_58,2023-11-05,-0.6382274317472051,Home & Garden,0.6823687752355316,Weekly
859,User_859,52,Male,Location_59,2023-03-14,-0.4583189113187881,Home & Garden,-0.32705248990578734,Daily
860,User_860,68,Male,Location_60,2023-09-16,0.7228196358416884,Home & Garden,0.34589502018842533,Monthly
861,User_861,68,Female,Location_61,2023-02-10,-0.35858701412477434,Electronics,0.6823687752355316,Monthly
862,User_862,56,Male,Location_62,2023-03-02,0.2867370265423734,Home & Garden,0.009421265141318986,Daily
863,User_863,38,Male,Location_63,2023-12-07,-0.6088945208077893,Home & Garden,0.009421265141318986,Daily
864,User_864,61,Female,Location_64,2023-04-08,-0.7242706371694914,Food,-0.6635262449528937,Weekly
865,User_865,18,Male,Location_65,2023-11-10,0.8792618275185727,Home & Garden,0.34589502018842533,Weekly
866,User_866,54,Male,Location_66,2023-02-09,-0.7712032946725567,Home & Garden,-0.6635262449528937,Weekly
867,User_867,63,Male,Location_67,2023-04-23,0.6269987934395967,Home & Garden,0.009421265141318986,Daily
868,User_868,59,Female,Location_68,2023-10-20,0.4725121291586735,Clothing,0.6823687752355316,Daily
869,User_869,20,Female,Location_69,2023-10-21,-0.6499605961229714,Clothing,0.34589502018842533,Monthly
870,User_870,51,Male,Location_70,2023-08-10,-0.3742312332924628,Clothing,-0.32705248990578734,Weekly
871,User_871,30,Female,Location_71,2023-01-15,-0.43094152777533334,Home & Garden,-0.32705248990578734,Monthly
872,User_872,33,Male,Location_72,2023-01-16,0.7345528002174547,Electronics,0.6823687752355316,Monthly
873,User_873,51,Female,Location_73,2023-04-22,-0.2177890416155785,Clothing,0.009421265141318986,Monthly
874,User_874,41,Male,Location_74,2023-05-17,-0.8416022809271546,Books,-0.6635262449528937,Weekly
875,User_875,30,Female,Location_75,2023-03-13,0.4744676565546346,Clothing,0.009421265141318986,Daily
876,User_876,23,Male,Location_76,2023-07-09,0.8949060466862612,Food,0.6823687752355316,Weekly
877,User_877,56,Male,Location_77,2023-06-27,-0.2979656648499817,Electronics,0.009421265141318986,Weekly
878,User_878,19,Female,Location_78,2023-12-26,0.5174892592657777,Food,-0.6635262449528937,Weekly
879,User_879,28,Male,Location_79,2023-09-04,0.9066392110620275,Food,-0.6635262449528937,Monthly
880,User_880,24,Male,Location_80,2023-12-31,0.09509534173819012,Clothing,0.34589502018842533,Monthly
881,User_881,24,Female,Location_81,2023-06-24,0.9027281562701054,Food,0.34589502018842533,Monthly
882,User_882,56,Female,Location_82,2023-06-22,-0.4661410209026323,Food,0.34589502018842533,Daily
883,User_883,56,Male,Location_83,2023-08-29,-0.2568995895347996,Electronics,0.009421265141318986,Daily
884,User_884,29,Male,Location_84,2023-03-30,0.8557954987670401,Clothing,-0.32705248990578734,Daily
885,User_885,68,Male,Location_85,2023-03-05,0.816684950847819,Electronics,0.009421265141318986,Daily
886,User_886,39,Female,Location_86,2023-04-20,-0.5580508085128019,Home & Garden,-0.6635262449528937,Weekly
887,User_887,68,Female,Location_87,2023-06-01,0.5781106085405704,Clothing,0.34589502018842533,Monthly
888,User_888,68,Male,Location_88,2023-07-21,-0.38009781548034594,Food,0.6823687752355316,Monthly
889,User_889,69,Male,Location_89,2023-07-31,0.8049517864720527,Clothing,-0.32705248990578734,Weekly
890,User_890,20,Male,Location_90,2023-08-06,0.380602341548504,Clothing,0.009421265141318986,Weekly
891,User_891,30,Male,Location_91,2023-01-26,-0.39574203464803437,Home & Garden,-0.32705248990578734,Monthly
892,User_892,47,Female,Location_92,2023-05-15,0.8362402248074295,Electronics,0.6823687752355316,Monthly
893,User_893,27,Male,Location_93,2023-11-28,0.6152656290638304,Clothing,0.34589502018842533,Daily
894,User_894,69,Male,Location_94,2023-05-05,0.42362394425964717,Clothing,0.34589502018842533,Daily
895,User_895,26,Female,Location_95,2023-11-01,0.7286862180295716,Books,-0.6635262449528937,Weekly
896,User_896,23,Female,Location_96,2023-07-30,-0.14739005536098054,Clothing,0.009421265141318986,Monthly
897,User_897,70,Female,Location_97,2023-05-18,0.4275349990515693,Electronics,-0.6635262449528937,Monthly
898,User_898,61,Female,Location_98,2023-10-20,-0.5130736784056976,Books,-0.32705248990578734,Daily
899,User_899,19,Male,Location_99,2023-02-07,-0.7281816919614135,Food,0.6823687752355316,Daily
900,User_900,61,Male,Location_0,2023-11-10,-0.272543808702488,Food,0.6823687752355316,Monthly
901,User_901,33,Female,Location_1,2023-10-09,0.12442825267760593,Clothing,-0.6635262449528937,Weekly
902,User_902,30,Female,Location_2,2023-02-17,-0.10436845264983736,Electronics,-0.6635262449528937,Daily
903,User_903,65,Male,Location_3,2023-11-14,0.49597845791020617,Clothing,-0.32705248990578734,Monthly
904,User_904,30,Male,Location_4,2023-03-08,-0.23147773338730587,Food,0.34589502018842533,Weekly
905,User_905,39,Male,Location_5,2023-08-13,-0.8709351918665704,Clothing,0.6823687752355316,Monthly
906,User_906,36,Female,Location_6,2023-04-11,-0.7008043084179588,Clothing,-0.6635262449528937,Monthly
907,User_907,43,Female,Location_7,2023-07-30,-0.32338752099747536,Food,0.6823687752355316,Monthly
908,User_908,31,Female,Location_8,2023-10-03,-0.5893392468481787,Food,0.34589502018842533,Weekly
909,User_909,48,Male,Location_9,2023-11-28,-0.27449933609844906,Books,0.6823687752355316,Weekly
910,User_910,46,Male,Location_10,2023-02-09,0.310203355293906,Books,0.34589502018842533,Monthly
911,User_911,62,Male,Location_11,2023-11-25,0.39037997852830925,Electronics,0.34589502018842533,Monthly
912,User_912,59,Female,Location_12,2023-12-26,-0.6069389934118282,Electronics,0.009421265141318986,Weekly
913,User_913,39,Female,Location_13,2023-02-21,0.6269987934395967,Food,-0.32705248990578734,Monthly
914,User_914,24,Male,Location_14,2023-10-08,-0.1454345279650195,Electronics,0.6823687752355316,Monthly
915,User_915,54,Male,Location_15,2023-12-29,-0.18063402109231846,Electronics,0.34589502018842533,Weekly
916,User_916,66,Female,Location_16,2023-10-18,-0.7301372193573745,Books,0.6823687752355316,Daily
917,User_917,58,Female,Location_17,2023-05-12,-0.7399148563371798,Food,-0.6635262449528937,Weekly
918,User_918,44,Female,Location_18,2023-04-09,-0.38400887027226804,Books,-0.32705248990578734,Daily
919,User_919,48,Male,Location_19,2023-10-15,-0.1532566375488637,Clothing,-0.32705248990578734,Daily
920,User_920,23,Male,Location_20,2023-06-04,-0.2256111511994227,Food,-0.6635262449528937,Weekly
921,User_921,33,Female,Location_21,2023-03-25,-0.5932503016401008,Home & Garden,-0.6635262449528937,Daily
922,User_922,55,Male,Location_22,2023-01-03,0.7775744029285979,Electronics,0.6823687752355316,Monthly
923,User_923,55,Female,Location_23,2023-04-21,0.5800661359365314,Electronics,0.009421265141318986,Weekly
924,User_924,67,Male,Location_24,2023-10-13,0.5468221702051935,Food,0.6823687752355316,Daily
925,User_925,49,Male,Location_25,2023-07-22,0.5605108619769209,Home & Garden,0.6823687752355316,Daily
926,User_926,50,Male,Location_26,2023-11-10,0.7482414919891821,Food,0.34589502018842533,Weekly
927,User_927,66,Female,Location_27,2023-10-13,-0.33316515797728063,Electronics,0.6823687752355316,Weekly
928,User_928,34,Male,Location_28,2023-06-27,-0.4583189113187881,Electronics,-0.32705248990578734,Monthly
929,User_929,50,Female,Location_29,2023-09-24,0.2808704443544902,Food,0.009421265141318986,Daily
930,User_930,28,Male,Location_30,2023-08-27,0.7404193824053379,Clothing,-0.6635262449528937,Weekly
931,User_931,30,Female,Location_31,2023-07-31,0.3023812457100618,Books,-0.32705248990578734,Daily
932,User_932,47,Female,Location_32,2023-11-11,-0.07894659650234366,Food,-0.6635262449528937,Daily
933,User_933,18,Female,Location_33,2023-01-31,-0.6088945208077893,Clothing,0.34589502018842533,Daily
934,User_934,47,Female,Location_34,2023-03-24,-0.21387798682365639,Home & Garden,0.6823687752355316,Weekly
935,User_935,44,Female,Location_35,2023-08-22,-0.927645486349441,Electronics,0.34589502018842533,Monthly
936,User_936,57,Male,Location_36,2023-01-08,0.7834409851164811,Electronics,-0.6635262449528937,Daily
937,User_937,40,Male,Location_37,2023-06-02,-0.2686327539105659,Food,0.6823687752355316,Weekly
938,User_938,37,Female,Location_38,2023-09-20,0.5018450400980893,Home & Garden,0.6823687752355316,Daily
939,User_939,23,Female,Location_39,2023-05-05,0.10291745132203434,Food,0.34589502018842533,Monthly
940,User_940,54,Female,Location_40,2023-03-28,0.27891491695852916,Books,-0.6635262449528937,Daily
941,User_941,37,Male,Location_41,2023-01-03,0.47642318395059563,Food,0.009421265141318986,Monthly
942,User_942,54,Female,Location_42,2023-09-16,-0.200189295051929,Electronics,0.34589502018842533,Weekly
943,User_943,23,Male,Location_43,2023-12-10,0.889039464498378,Electronics,-0.32705248990578734,Weekly
944,User_944,46,Female,Location_44,2023-01-18,-0.22952220599134482,Clothing,-0.32705248990578734,Weekly
945,User_945,30,Male,Location_45,2023-11-19,-0.6538716509148935,Books,-0.32705248990578734,Daily
946,User_946,44,Female,Location_46,2023-12-26,0.09313981434222907,Clothing,-0.6635262449528937,Monthly
947,User_947,67,Male,Location_47,2023-06-10,0.0325184650674364,Books,-0.32705248990578734,Daily
948,User_948,37,Male,Location_48,2023-08-09,0.49597845791020617,Electronics,-0.32705248990578734,Monthly
949,User_949,30,Female,Location_49,2023-08-29,0.20264934851604807,Food,0.6823687752355316,Weekly
950,User_950,56,Female,Location_50,2023-04-02,0.634820903023441,Electronics,0.6823687752355316,Daily
951,User_951,25,Female,Location_51,2023-05-06,0.7384638550093768,Clothing,0.6823687752355316,Weekly
952,User_952,70,Female,Location_52,2023-08-24,0.8205960056397411,Clothing,-0.6635262449528937,Weekly
953,User_953,34,Male,Location_53,2023-12-05,0.16940538278471018,Food,-0.32705248990578734,Monthly
954,User_954,47,Male,Location_54,2023-05-11,-0.855290972698882,Home & Garden,0.34589502018842533,Monthly
955,User_955,18,Male,Location_55,2023-06-08,0.8929505192903001,Electronics,-0.32705248990578734,Monthly
956,User_956,41,Male,Location_56,2023-11-11,0.8733952453306896,Clothing,0.6823687752355316,Daily
957,User_957,33,Male,Location_57,2023-05-31,-0.8826683562423367,Home & Garden,-0.32705248990578734,Weekly
958,User_958,28,Male,Location_58,2023-02-16,-0.634316376955283,Home & Garden,0.6823687752355316,Daily
959,User_959,21,Female,Location_59,2023-07-27,-0.1747674389044353,Electronics,-0.32705248990578734,Monthly
960,User_960,21,Male,Location_60,2023-12-19,0.9105502658539496,Clothing,-0.6635262449528937,Monthly
961,User_961,34,Male,Location_61,2023-01-18,-0.10241292525387631,Home & Garden,0.009421265141318986,Monthly
962,User_962,66,Male,Location_62,2023-05-04,0.23198225945546389,Clothing,0.009421265141318986,Weekly
963,User_963,27,Female,Location_63,2023-07-11,0.490111875722323,Home & Garden,-0.32705248990578734,Weekly
964,User_964,38,Male,Location_64,2023-07-12,-0.8826683562423367,Electronics,0.34589502018842533,Monthly
965,User_965,70,Female,Location_65,2023-09-26,-0.21583351421961744,Electronics,-0.32705248990578734,Weekly
966,User_966,55,Male,Location_66,2023-04-16,0.5722440263526872,Clothing,-0.32705248990578734,Weekly
967,User_967,66,Male,Location_67,2023-08-16,0.3493139032131271,Electronics,0.009421265141318986,Daily
968,User_968,35,Female,Location_68,2023-10-30,-0.3605425415207354,Books,-0.32705248990578734,Daily
969,User_969,27,Male,Location_69,2023-04-02,0.36495812238081554,Electronics,-0.32705248990578734,Monthly
970,User_970,62,Male,Location_70,2023-06-15,-0.01441419243562889,Food,0.6823687752355316,Monthly
971,User_971,33,Female,Location_71,2023-09-04,-0.6871156166462314,Electronics,-0.32705248990578734,Weekly
972,User_972,56,Female,Location_72,2023-02-21,0.5487776976011546,Clothing,0.6823687752355316,Daily
973,User_973,32,Male,Location_73,2023-06-14,-0.3566314867288133,Home & Garden,-0.6635262449528937,Daily
974,User_974,51,Male,Location_74,2023-05-08,-0.0437471033750447,Books,0.34589502018842533,Monthly
975,User_975,22,Female,Location_75,2023-12-20,0.6876201427143894,Clothing,-0.32705248990578734,Daily
976,User_976,34,Female,Location_76,2023-07-28,0.12247272528164488,Clothing,0.6823687752355316,Weekly
977,User_977,54,Female,Location_77,2023-10-15,-0.21583351421961744,Home & Garden,0.6823687752355316,Daily
978,User_978,25,Female,Location_78,2023-01-06,-0.9100457397857915,Home & Garden,-0.32705248990578734,Daily
979,User_979,41,Male,Location_79,2023-10-16,-0.0730800143144605,Food,0.009421265141318986,Monthly
980,User_980,45,Male,Location_80,2023-08-17,0.40797972509195873,Clothing,0.009421265141318986,Daily
981,User_981,64,Female,Location_81,2023-06-27,-0.5228513153855029,Books,-0.32705248990578734,Monthly
982,User_982,25,Male,Location_82,2023-10-17,-0.19041165807212374,Food,-0.32705248990578734,Monthly
983,User_983,40,Female,Location_83,2023-05-17,0.09509534173819012,Food,0.009421265141318986,Daily
984,User_984,52,Female,Location_84,2023-07-28,-0.2217000964075006,Books,-0.32705248990578734,Monthly
985,User_985,48,Male,Location_85,2023-09-14,-0.6988487810219978,Home & Garden,-0.32705248990578734,Weekly
986,User_986,34,Female,Location_86,2023-10-18,0.46273449217886825,Home & Garden,0.009421265141318986,Monthly
987,User_987,45,Female,Location_87,2023-02-20,-0.7633811850887124,Clothing,0.6823687752355316,Monthly
988,User_988,65,Male,Location_88,2023-08-11,-0.6206276851835556,Food,-0.6635262449528937,Daily
989,User_989,65,Male,Location_89,2023-07-25,-0.48960734965416497,Books,-0.32705248990578734,Daily
990,User_990,68,Female,Location_90,2023-04-22,0.7384638550093768,Books,0.009421265141318986,Monthly
991,User_991,29,Male,Location_91,2023-06-07,0.5487776976011546,Books,-0.32705248990578734,Monthly
992,User_992,41,Male,Location_92,2023-09-15,0.4725121291586735,Food,-0.32705248990578734,Monthly
993,User_993,32,Male,Location_93,2023-09-09,-0.7320927467533356,Electronics,0.6823687752355316,Weekly
994,User_994,57,Male,Location_94,2023-12-21,-0.9511118151009736,Electronics,-0.6635262449528937,Daily
995,User_995,48,Male,Location_95,2023-04-05,-0.05743579514677207,Clothing,-0.32705248990578734,Weekly
996,User_996,44,Male,Location_96,2023-03-26,0.2984701909181397,Food,-0.6635262449528937,Daily
997,User_997,52,Female,Location_97,2023-03-30,0.7912630947003253,Food,0.009421265141318986,Daily
998,User_998,35,Male,Location_98,2023-08-04,0.5018450400980893,Electronics,0.009421265141318986,Weekly
999,User_999,53,Female,Location_99,2023-04-26,-0.4720076030905155,Home & Garden,0.34589502018842533,Weekly
1000,User_1000,25,Female,Location_0,2023-01-19,0.18504960195239858,Electronics,0.6823687752355316,Daily
